Bins0,Bins1,Bins2,Bins3,Bins4,Bins5,Bins6,Bins7
3534,0,0,0,0,0,0,10390
4227,0,0,0,0,0,0,11140
3771,0,0,0,0,0,0,11215
4014,0,0,0,0,0,0,12628
3819,0,0,0,0,0,0,12691
2403,0,0,0,0,0,0,8170
2934,0,0,0,0,0,0,8266
5745,0,0,0,0,0,0,14410
5937,0,0,0,0,0,0,9115
5256,0,0,0,0,0,2,15758
3591,0,0,0,0,0,0,11641
5685,0,0,0,0,0,0,10363
6420,0,0,0,0,0,0,5680
2592,0,0,0,0,0,5,10703
6309,0,0,0,0,0,0,9058
5325,0,0,0,0,0,0,13960
5706,0,0,0,0,0,0,12790
6171,0,0,0,0,0,0,18949
11262,0,0,0,0,0,0,13609
5301,0,0,0,0,0,0,12769
4116,0,0,0,0,0,2,12392
5880,0,0,0,0,0,0,15943
5274,0,0,0,0,0,0,14356
7233,0,0,0,0,0,0,16021
6306,0,0,0,0,0,0,14104
5805,0,0,0,0,0,0,16543
9435,0,0,0,0,0,0,19090
7080,0,0,0,0,0,0,13945
6291,0,0,0,0,0,0,12205
5985,0,0,0,0,0,0,13954
5196,0,0,0,0,0,0,12094
4806,0,0,0,0,0,0,15514
6333,0,0,0,0,0,0,14149
4746,0,0,0,0,0,0,12544
5094,0,0,0,0,0,0,15061
4815,0,0,0,0,0,0,13456
5091,0,0,0,0,0,0,12589
4731,0,0,0,0,0,0,14989
6873,0,0,0,0,0,0,12487
6153,0,0,0,0,0,0,12307
5022,0,0,0,0,0,0,15550
4644,0,0,0,0,0,0,16816
5220,0,0,0,0,0,0,13195
5616,0,0,0,0,0,0,14539
8214,0,0,0,0,0,0,14578
5064,0,0,0,0,0,0,14113
5934,0,0,0,0,0,0,13750
5637,0,0,0,0,0,0,18523
6324,0,0,0,0,0,0,16396
10470,0,0,0,0,0,0,13708
5847,0,0,0,0,0,0,15178
4764,0,0,0,0,0,0,14140
3921,0,0,0,0,0,0,11446
4329,0,0,0,0,0,0,9586
3516,0,0,0,0,0,0,9310
3588,0,0,0,0,0,0,9238
4692,0,0,0,0,0,0,12556
4506,0,0,0,0,0,0,13909
3486,0,0,0,0,0,0,12754
3264,0,0,0,0,0,0,13636
3888,0,0,0,0,0,0,12604
5655,0,0,0,0,0,0,14083
4758,0,0,0,0,0,0,13657
4602,0,0,0,0,0,0,12580
5793,0,0,0,0,0,0,15196
3891,5,0,0,0,33,0,11411
4032,0,0,0,0,0,0,9892
4662,0,0,0,0,489,0,13573
5067,0,0,0,0,0,0,14617
4782,0,0,0,0,0,0,13852
5613,0,0,0,0,0,0,14107
4719,0,0,0,0,0,0,13351
4899,0,0,0,0,0,0,15550
5256,0,0,0,0,0,1,14907
5385,0,0,0,0,0,0,14743
5079,0,0,0,0,0,0,15049
6651,0,0,0,0,0,0,17773
5937,0,0,0,0,0,0,15019
6153,0,0,0,0,0,0,15307
11229,0,0,0,0,0,0,12346
5079,0,0,0,0,0,0,13996
5559,0,0,0,0,0,0,14029
5025,0,0,0,0,0,0,13390
5493,0,0,0,0,0,0,11017
4278,0,0,0,0,0,0,11098
3243,0,0,0,0,0,0,10645
4524,0,0,0,0,0,0,13936
12678,0,0,0,0,0,0,15154
2448,0,0,0,0,0,0,7834
4203,0,0,0,0,0,0,10747
3774,0,0,0,0,0,14,10817
3138,0,0,0,0,0,0,12556
4971,0,0,0,0,0,0,14350
7500,0,0,0,0,0,0,13072
3696,0,0,0,0,0,0,9820
3984,0,0,0,0,0,0,11383
12201,0,0,0,0,0,0,14224
5193,8,0,0,0,8,0,15363
4686,0,0,0,0,0,0,12994
7461,0,0,0,0,0,0,14239
7245,0,0,0,0,0,0,19315
6564,0,0,0,0,0,0,13972
7290,0,0,0,0,0,0,15964
3936,0,0,0,0,0,0,11359
4914,0,0,0,0,0,0,13936
3276,0,0,0,0,0,0,11674
3990,0,0,0,0,0,0,11740
3573,0,0,0,0,0,0,12157
3021,0,0,0,0,0,0,11077
4395,0,0,0,0,0,0,12787
5163,0,0,0,0,0,0,12382
8475,0,0,0,0,0,0,16465
5709,0,0,0,0,0,0,11971
4659,0,0,0,0,0,0,11797
5814,0,0,0,0,0,0,15628
4149,0,0,0,0,0,0,13939
6957,0,0,0,0,0,2,13196
6968,3,2,0,0,156,0,12810
6462,0,0,0,0,0,0,15433
7466,0,0,0,0,202,0,9604
8954,1,1,0,3,650,0,14461
7827,3,0,136,0,55,0,17543
5277,0,0,0,0,0,0,13210
5391,0,0,0,0,0,0,13096
6315,0,0,0,0,0,0,18298
4173,0,0,0,0,0,0,11956
5301,0,0,0,0,0,0,16051
5169,0,0,0,0,0,0,12865
3627,0,0,0,0,0,0,12067
6282,0,0,0,0,0,0,17788
4590,0,0,0,0,0,0,12301
3996,0,0,0,0,0,0,12133
3645,0,0,0,0,0,0,10633
4179,0,0,0,0,0,0,12277
8664,0,0,0,0,0,0,16036
4497,0,0,0,0,0,0,10870
3159,0,0,0,0,0,3,11116
2502,0,0,0,0,0,3,9049
1656,0,0,0,0,0,6,6610
4782,0,0,0,0,0,0,13714
5445,0,0,0,0,0,0,15544
3471,0,0,0,0,0,0,12622
2997,0,0,0,0,0,0,7123
5502,0,0,0,0,0,0,15088
1737,0,0,0,0,0,0,7945
4617,0,0,0,0,0,0,12655
4629,0,0,0,0,0,0,14095
5862,0,0,0,0,0,0,16042
6947,22,0,0,1,11,2,17177
5901,0,0,0,0,0,0,13420
5910,0,0,0,0,0,0,18739
5343,0,0,0,0,0,0,15229
6045,0,0,0,0,0,0,15823
4305,0,0,0,0,0,0,7885
4842,0,0,0,0,0,0,10453
4365,0,0,0,0,0,0,14131
4248,0,0,0,0,0,0,13840
5724,0,0,0,0,0,0,13162
5406,0,0,0,0,0,0,14224
7953,0,0,0,0,0,0,11359
6258,0,0,0,0,0,0,13342
2007,0,0,0,0,0,8,9485
4497,0,0,0,0,0,0,12775
9045,0,0,0,0,0,0,6433
5478,0,0,0,0,0,0,12502
3987,0,0,0,0,0,1,15297
6261,0,0,0,0,0,6,13453
3828,0,0,0,0,0,0,13036
4686,0,0,0,0,0,0,7858
4212,0,0,0,0,0,0,11908
4551,0,0,0,0,0,0,9709
2844,0,0,0,0,0,0,7756
3540,0,0,0,0,0,0,11800
6165,0,0,0,0,0,0,11743
4389,0,0,0,0,0,0,10597
2406,0,0,0,0,0,0,6994
5886,0,0,0,0,0,0,15574
3351,0,0,0,0,0,0,9874
3963,0,0,0,0,0,0,10297
4770,24,0,1,0,3,0,11658
3330,0,0,0,0,0,0,8515
5397,0,0,0,0,0,0,12835
5724,0,0,0,0,0,0,13834
6297,0,0,0,0,0,0,15598
7272,0,0,0,0,0,0,20248
4992,0,0,0,0,0,0,11500
4686,0,0,0,0,0,0,14200
10499,27,0,0,0,11,0,18423
4167,0,0,0,0,0,0,12163
6090,0,0,0,0,0,0,15352
4347,0,0,0,0,0,0,12109
5112,0,0,0,0,0,0,14572
4029,0,0,0,0,0,0,11611
2913,0,0,0,0,0,0,9967
3366,0,0,0,0,0,0,10333
2835,0,0,0,0,0,0,10381
4518,0,0,0,0,0,0,11212
5109,0,0,0,0,0,0,12571
7776,0,0,0,0,0,0,15754
4989,0,0,0,0,0,0,13183
14421,0,0,0,0,0,0,14269
3711,0,0,0,0,0,0,10204
3975,0,0,0,0,0,0,13678
4251,0,0,0,0,0,0,13039
4143,0,0,0,0,0,0,11152
4635,0,0,0,0,0,0,11485
4317,0,0,0,0,0,0,13372
4821,0,0,0,0,0,0,13675
8271,0,0,0,0,0,0,14605
7827,0,0,0,0,0,0,13525
4983,0,0,0,0,0,0,14737
12771,0,0,0,0,0,0,10030
4071,0,0,0,0,0,0,12421
4581,0,0,0,0,0,0,8608
6021,0,0,0,0,0,0,17233
4410,0,0,0,0,0,0,14440
4122,0,0,0,0,0,0,13912
5763,0,0,0,0,0,0,7063
3393,0,0,0,0,0,0,11947
4257,0,0,0,0,0,0,14593
3456,0,0,0,0,0,0,11911
2448,0,0,0,0,0,0,9424
4572,0,0,0,0,0,0,15058
6639,0,0,0,0,0,0,19441
3498,0,0,0,0,0,0,12595
3219,0,0,0,0,0,0,8317
3675,0,0,0,0,0,0,10603
2388,0,0,0,0,0,0,5896
3012,0,0,0,0,0,0,10558
2781,0,0,0,0,0,0,10789
10419,0,0,0,0,0,0,14194
6345,0,0,0,0,0,0,13810
6660,0,0,0,0,0,0,14284
4173,0,0,0,0,0,0,13735
3861,0,0,0,0,0,0,9355
3453,0,0,0,0,0,0,10771
4752,0,0,0,0,0,0,11758
5121,0,0,0,0,0,0,13231
3006,0,0,0,0,0,0,10210
2973,0,0,0,0,0,0,9907
4131,0,0,0,0,0,0,12379
3726,0,0,0,0,0,0,11278
3450,0,0,0,0,0,0,9085
3555,0,0,0,0,0,0,11431
3708,1,0,1,0,1,0,10921
5748,0,0,0,0,0,0,16120
4383,0,0,0,0,0,0,16642
6180,0,0,0,0,0,0,15400
6120,0,0,0,0,0,0,17026
3825,0,0,0,0,0,0,14263
6408,0,0,0,0,0,0,14392
4563,4,34,192,33,24,0,16610
5652,0,0,0,0,0,0,14086
4779,0,0,0,0,0,0,16237
2292,0,0,0,0,0,0,8308
3618,0,0,0,0,0,0,12874
6558,0,0,0,0,0,0,16696
2682,0,0,0,0,0,0,9826
3924,0,0,0,0,0,0,11026
2205,0,0,0,0,0,0,8605
3438,0,0,0,0,0,0,13453
4284,0,0,0,0,0,0,16672
5493,0,0,0,0,0,0,13741
5724,0,0,0,0,0,0,16099
3615,0,0,0,0,0,0,11761
5472,0,0,0,0,0,0,8626
6048,0,0,0,0,0,0,13192
3690,0,0,0,0,0,0,11677
2826,0,0,0,0,0,0,9682
2439,0,0,0,0,0,0,9406
3717,0,0,0,0,0,0,12013
4194,0,0,0,0,0,0,13096
4323,0,0,0,0,0,0,12187
3555,0,0,0,0,0,0,13336
3941,2,0,0,0,220,0,11204
3663,0,0,0,0,0,0,12067
4257,0,0,0,0,0,0,12253
3177,0,0,0,0,0,0,11455
5055,0,0,0,0,0,0,12979
3465,0,0,0,0,0,0,13399
2763,0,0,0,0,0,0,11161
3111,0,0,0,0,0,0,11113
4095,0,0,0,0,0,0,12580
2871,0,0,0,0,0,0,11389
2988,0,0,0,0,0,0,10228
3273,0,0,0,0,0,0,10642
3087,0,0,0,0,0,0,11917
3852,0,0,0,0,0,0,13693
3987,0,0,0,0,0,0,10654
7233,0,0,0,0,0,0,13063
4446,0,0,0,0,0,0,14839
3798,0,0,0,0,0,0,13492
2493,0,0,0,0,0,0,8116
3102,0,0,0,0,0,0,10114
3384,0,0,0,0,0,0,11992
3825,0,0,0,0,0,0,12499
3078,0,0,0,0,0,0,10111
3762,0,0,0,0,0,0,11932
8235,0,0,0,0,0,0,15835
4038,0,0,0,0,0,0,10594
5115,0,0,0,0,0,0,14515
5643,0,0,0,0,0,0,11722
3264,0,0,0,0,0,0,10960
3480,0,0,0,0,0,0,12160
3717,0,0,0,0,0,0,10543
4578,0,0,0,0,0,0,7267
5388,0,0,0,0,0,0,12292
3474,0,0,0,0,0,0,11158
3114,0,0,0,0,0,0,10075
4158,0,0,0,0,0,0,12334
2808,0,0,0,4,406,0,8582
4584,0,0,0,0,0,0,11164
3663,0,0,0,0,6,0,11698
3645,0,0,0,0,0,0,10987
2889,0,0,0,0,0,0,10627
2940,0,0,0,0,0,0,9604
3435,0,0,0,0,0,0,9790
3699,0,0,0,0,0,0,11305
3039,0,0,0,0,0,0,9823
3852,0,0,0,0,0,0,11488
3465,0,0,0,0,0,0,11095
4086,0,0,0,0,0,0,10519
7620,0,0,0,0,0,0,17482
3123,0,0,0,0,0,0,12244
5397,0,0,0,0,0,0,8155
4860,0,0,0,0,0,0,12322
8700,0,0,0,0,0,0,12880
3669,0,0,0,0,0,0,11698
3393,0,0,0,0,0,0,12355
4245,0,0,0,0,0,0,13045
7062,0,0,0,0,0,0,13954
2709,0,0,0,0,0,0,8791
3711,0,0,0,0,0,0,12799
8445,0,0,0,0,0,0,15190
1530,0,0,0,0,0,0,6478
2931,0,0,0,0,0,0,10639
3201,0,0,0,0,0,0,8335
2997,0,0,0,0,0,0,11227
2808,0,0,0,0,0,0,11470
3210,0,0,0,0,0,0,10006
3078,0,0,0,0,0,0,11200
3393,0,0,0,0,0,0,12337
2538,0,0,0,0,0,0,11014
4092,0,0,0,0,0,0,11275
4362,0,0,0,0,0,0,12820
5706,0,0,0,0,0,0,11530
3582,0,0,0,0,0,0,7618
4095,0,0,0,0,0,0,13975
4722,0,0,0,0,0,0,14455
4253,0,0,0,6,3,0,13028
4263,0,0,0,0,0,0,13009
3867,0,0,0,0,0,0,12625
4848,0,0,0,0,0,0,12424
3102,0,0,0,0,0,0,10822
3204,0,0,0,0,0,0,8032
4113,0,0,0,0,0,0,12016
5154,0,0,0,0,0,0,12499
2601,0,0,0,0,0,0,8317
2403,0,0,0,0,0,0,9151
2313,0,0,0,0,0,0,9568
4581,0,0,0,0,0,0,11821
3525,0,0,0,0,0,0,12481
2667,0,0,0,0,0,0,8707
1926,0,0,0,0,0,0,6574
3480,0,0,0,0,0,0,10003
3771,0,0,0,0,0,0,11923
2952,0,0,0,0,0,0,11545
3843,0,0,0,0,0,0,11161
3993,0,0,0,0,0,0,10993
5829,0,0,0,0,0,0,11716
3357,0,0,0,0,0,0,10867
3660,0,0,0,0,0,0,11707
3084,0,0,0,0,0,0,8152
2844,0,0,0,0,0,0,9364
3360,0,0,0,0,0,0,8086
12450,0,0,0,0,0,0,15025
6045,0,0,0,0,0,0,11773
3516,0,0,0,0,0,0,12613
4923,0,0,0,0,0,0,12730
6303,0,0,0,0,0,0,13852
5460,0,0,0,0,0,0,10996
6158,0,0,0,0,0,0,11114
5160,0,0,0,0,0,0,11332
14097,0,0,0,0,0,0,19678
17604,0,0,0,0,0,0,19720
10899,0,0,0,0,0,0,12493
4281,0,0,0,0,0,0,13399
5025,0,0,0,0,0,0,13045
4929,0,0,0,0,0,0,13531
6375,0,0,0,0,0,0,18193
3762,0,0,0,0,0,0,11986
4080,0,0,0,0,0,0,12250
4263,0,0,0,0,0,0,9652
3531,0,0,0,0,0,0,10357
4725,0,0,0,0,0,0,10645
3141,0,0,0,0,0,0,10429
4095,0,0,0,0,0,0,13594
3618,0,0,0,0,0,0,10660
2232,0,0,0,0,0,0,8668
2403,0,0,0,0,0,0,8515
3408,0,0,0,0,0,0,12286
3105,0,0,0,0,0,0,10903
2448,0,0,0,0,0,0,8779
2907,0,0,0,0,0,0,11653
3426,0,0,0,0,0,0,11950
3258,0,0,0,0,0,0,11002
3429,0,0,0,0,0,0,13807
4590,0,0,0,0,0,0,9970
5469,0,0,0,0,0,0,11767
4290,0,0,0,0,0,0,14125
2592,0,0,0,0,0,0,7981
4968,0,0,0,0,0,0,13384
3969,0,0,0,0,0,0,14518
2613,0,0,0,0,0,0,7687
2655,0,0,0,0,0,0,9880
2556,0,0,0,0,0,0,10834
2412,0,0,0,0,0,0,9778
3555,0,0,0,0,0,0,11341
3564,0,0,0,0,0,0,11068
3285,0,0,0,0,0,0,11701
2817,0,0,0,0,0,0,11107
3264,0,0,0,0,0,0,10906
6987,0,0,0,0,0,0,17191
3114,0,0,0,0,0,0,13006
3675,0,0,0,0,0,0,11665
6648,0,0,0,0,0,0,13672
2727,0,0,0,0,0,0,9103
3726,0,0,0,0,0,0,11260
3339,0,0,0,0,0,0,11611
3546,0,0,0,0,0,0,11014
3978,0,0,0,0,0,0,11770
7263,0,0,0,0,0,0,21427
3975,0,0,0,0,0,0,13570
6537,0,0,0,0,0,0,12784
3990,0,0,0,0,0,0,9925
7230,0,0,0,0,0,0,14938
9435,0,0,0,0,0,0,14890
4698,0,0,0,0,0,0,12193
5124,0,0,0,0,0,0,9436
3462,0,0,0,0,0,0,10108
3084,0,0,0,0,0,0,8797
2730,0,0,0,0,0,0,7798
7656,0,0,0,0,0,0,10870
2985,0,0,0,0,0,0,7015
10905,0,0,0,0,0,0,13003
4734,0,0,0,0,0,0,13681
3129,0,0,0,0,0,0,7789
7863,0,0,0,0,0,0,17593
5127,0,0,0,0,0,0,12943
5205,0,0,0,0,0,0,12484
4092,0,0,0,0,0,0,9751
2994,0,0,0,0,0,0,6652
2034,0,0,0,0,0,0,7375
2277,0,0,0,0,0,0,5713
2916,0,0,0,0,0,0,5038
2892,0,0,0,0,0,0,7390
5319,0,0,0,0,0,0,13777
3822,0,0,0,0,0,0,11164
3123,0,0,0,0,0,0,9412
4545,0,0,0,0,0,0,12745
3798,0,0,0,0,0,0,10834
3081,0,0,0,0,0,0,8473
2748,0,0,0,0,0,0,6079
3498,0,0,0,0,0,0,9691
5124,0,0,0,0,0,0,15004
7761,0,0,0,0,0,0,14317
6252,0,0,0,0,0,0,14737
6606,0,0,0,0,0,0,15562
6213,0,0,0,0,0,0,7957
10617,0,0,0,0,0,0,18397
6617,10,0,0,0,4,0,17937
4377,0,0,0,0,0,0,12913
8914,0,0,0,2,582,3,13699
5739,0,0,0,0,0,0,15613
6237,0,0,0,0,0,0,15664
7209,0,0,0,0,0,0,17803
4245,0,0,0,0,0,0,11995
4626,0,0,0,0,0,0,14278
3252,0,0,0,0,0,0,11008
3129,0,0,0,0,0,0,8743
3198,0,0,0,0,0,0,9946
3978,0,0,0,0,0,0,11752
5799,0,0,0,0,0,0,10777
7053,0,0,0,0,0,0,11299
3339,0,0,0,0,0,0,8533
3159,0,0,0,0,0,0,10393
4851,0,0,0,0,3,0,13054
2256,8,0,0,0,4,0,7432
6759,0,0,0,0,0,0,17401
3690,0,0,0,0,0,0,9190
5256,0,0,0,0,0,0,14056
3552,0,0,0,0,0,0,10372
4344,0,0,0,0,0,0,12166
5010,0,0,0,0,0,0,17338
4476,0,0,0,0,0,0,12814
4134,0,0,0,0,0,0,11914
4557,0,0,0,0,0,0,9703
6750,0,0,0,0,0,0,13405
3975,0,0,0,0,0,0,11320
5709,0,0,0,0,0,0,13651
3909,0,0,0,0,0,0,12847
4263,0,0,0,0,0,0,12193
4356,0,0,0,0,0,0,12154
4662,0,0,0,0,0,0,14650
3732,0,0,0,0,0,0,12016
4320,0,0,0,0,0,0,13288
4731,0,0,0,0,0,0,12133
6261,0,0,0,0,0,0,16315
5373,0,0,0,0,0,0,13867
4791,0,0,0,0,0,0,12889
7596,0,0,0,0,0,0,12994
3867,0,0,0,0,0,0,12037
4533,0,0,0,0,0,0,12358
4317,0,0,0,0,0,0,13363
4569,0,0,0,0,0,0,13501
4377,0,0,0,0,0,0,10999
4968,0,0,0,0,0,0,13102
4128,0,0,0,0,0,0,9061
6564,0,0,0,0,0,0,15406
4053,0,0,0,0,0,0,13555
4728,0,0,0,0,0,0,14158
7894,84,0,0,0,375,0,9735
6156,0,0,0,0,265,0,16371
3054,0,0,0,0,0,0,10870
4920,0,0,0,0,0,0,9004
5181,0,0,0,0,178,0,13953
4428,0,0,0,0,219,0,12643
4463,4,0,0,15,221,0,11390
4229,43,0,3,1,36,0,11382
2553,49,0,0,0,75,0,9195
4444,11,0,0,15,74,0,11186
4259,2,0,0,9,103,0,9179
2938,0,0,0,69,297,0,6816
6505,15,0,0,0,161,0,14671
3186,0,0,0,0,0,0,8968
6876,0,0,0,0,153,0,14251
4968,0,0,0,0,0,0,11488
5958,0,0,0,0,0,0,14632
5532,0,0,0,0,0,1,10959
4506,0,0,0,0,59,0,10040
3832,0,0,0,2,127,0,12024
4395,0,0,0,0,103,0,12792
5733,0,0,0,0,125,0,15584
5253,0,0,0,0,42,0,12775
5550,0,0,0,0,229,0,11241
4275,17,0,0,0,14,0,10680
3654,0,0,0,0,140,0,9068
5976,0,0,0,0,99,0,9292
5991,0,0,0,0,0,0,12079
5343,0,0,0,0,66,0,14275
7761,0,0,0,0,104,0,15371
1593,0,0,0,0,0,0,1423
3702,0,0,0,0,111,0,3487
8766,0,0,0,0,115,0,17607
6033,0,0,0,0,675,0,14644
4743,0,0,0,22,218,0,10585
3252,0,0,0,1,164,0,11953
2922,0,0,0,0,188,0,8690
3852,0,0,0,0,93,0,9943
5367,0,0,0,0,133,0,10593
4171,1,0,0,5,210,0,13884
6432,0,0,0,0,121,0,10236
3510,0,0,0,1,133,17,7839
5694,0,0,0,6,77,0,9701
5619,0,0,0,0,70,0,11583
3414,1,0,0,0,121,0,8927
4863,1,0,0,0,75,0,7569
3858,6,0,0,0,10,0,10350
4156,0,1,0,26,138,7,9371
5550,0,0,0,44,95,0,15501
9825,0,0,0,0,89,0,12380
4101,0,0,0,77,79,0,11491
3546,0,0,0,8,172,0,12403
4413,0,0,0,0,197,0,10286
5016,0,0,0,0,166,0,10680
2955,0,0,0,49,154,0,10766
3969,0,0,0,94,86,0,11581
4312,0,0,0,15,337,0,13751
4580,2,1,0,0,106,0,11767
6018,0,0,0,0,410,0,14561
4944,0,0,0,10,146,0,12589
22491,0,0,0,0,91,0,15138
3389,1,0,0,1,152,0,12097
3585,0,0,0,0,362,0,11801
3819,0,0,0,0,163,0,11313
2502,0,0,0,58,58,0,7955
2539,0,0,0,69,37,0,10571
2818,0,0,0,14,98,0,8624
4613,0,0,0,67,41,0,12143
3788,8,0,0,72,225,0,11637
5433,0,0,0,52,67,0,12128
3900,0,0,0,4,151,0,16109
4344,0,0,0,0,138,0,10894
5766,0,0,0,35,44,0,15615
5892,0,0,0,0,0,0,14194
3756,0,0,0,0,0,0,9325
4170,0,0,0,29,115,0,12016
6723,0,0,0,60,42,0,15343
4665,0,0,0,10,76,0,11741
3727,0,0,0,77,78,0,12982
1530,0,0,0,0,0,0,5332
3408,0,0,0,0,0,0,10372
4213,0,0,0,35,99,0,12517
5115,0,0,0,3,125,0,12929
4368,0,0,0,73,58,0,10868
5409,0,0,0,0,97,0,12909
4051,1,0,0,24,91,0,12589
9804,0,0,0,0,201,0,18331
7479,14,0,0,0,63,0,15590
4128,9,0,0,2,63,0,11927
8559,0,0,0,0,99,3,9409
4527,0,0,0,0,0,0,10105
5308,6,0,0,14,64,0,14772
5095,2,0,0,4,138,0,12831
7437,0,0,0,0,0,0,11659
8934,0,0,0,0,0,0,8974
7272,0,0,0,0,153,0,14479
6264,0,0,0,2,356,0,12690
5349,1,0,0,34,48,0,14156
8260,0,0,0,32,71,0,15557
5326,0,0,0,1,78,0,13055
5840,0,0,0,33,37,0,18730
4254,0,0,0,0,0,0,10006
7776,86,0,0,0,157,0,12970
7053,0,0,0,0,0,0,15739
6141,13,0,0,0,20,0,13981
6848,0,0,0,35,46,0,17813
5389,1,0,0,46,78,0,15928
9228,0,0,0,0,4,0,10932
6115,0,0,0,57,55,0,15215
6195,0,0,0,106,127,0,16373
7496,8,1,0,2,311,2,10160
5024,1,0,0,27,158,0,14474
5538,0,0,0,0,256,0,12186
3069,0,0,0,0,276,0,8845
9255,0,0,0,17,126,0,16595
2085,0,0,0,0,0,0,5296
8322,0,0,0,78,52,0,17112
12705,0,0,0,0,23,0,10979
5274,0,0,0,0,0,0,11590
2295,0,0,0,0,0,0,3937
5046,0,0,0,0,0,0,9940
3327,0,0,0,0,0,0,7591
2514,0,0,0,0,0,0,8095
4458,0,0,0,0,159,0,9298
5619,0,0,0,0,174,0,12295
2097,0,0,0,0,0,0,5803
7041,0,0,0,0,0,0,12271
10005,0,0,0,0,68,0,11465
6909,0,0,0,4,194,0,13882
4692,0,0,0,49,68,0,13171
8055,1,0,0,2,239,0,16271
5186,0,0,0,4,275,0,8543
5018,3,0,0,0,134,0,12135
4803,0,0,0,0,62,0,5873
5928,0,0,0,0,208,0,10374
4245,0,0,0,0,0,0,8290
7239,0,0,0,0,245,0,11240
4509,3,0,0,3,177,0,11800
3535,0,0,0,177,114,0,13038
4404,0,0,0,0,151,0,11139
3288,0,0,0,198,2409,5,6962
3923,14,0,0,118,520,1,11934
5980,28,0,0,1,279,7,14895
5178,0,0,0,17,115,0,14320
4350,11,0,0,0,567,0,13559
8895,0,0,0,2,172,0,15436
4617,0,0,0,0,198,0,8737
4968,1,0,0,101,269,0,13148
14154,0,0,0,0,111,0,13771
5778,51,0,0,0,435,0,13366
6193,19,0,0,0,84,0,15527
4958,22,0,0,0,27,0,11503
4153,12,0,0,5,146,0,12866
6495,2,0,0,0,43,0,11068
5652,2,0,0,0,211,0,11407
5031,2,1,0,5,300,2,11550
6615,0,0,0,16,158,0,13801
3264,0,0,0,31,278,15,10336
3882,1,0,0,0,460,0,9917
3884,1,0,0,37,241,0,11531
7386,0,0,0,0,248,0,8822
4904,15,0,0,23,347,0,13888
3720,3,7,0,0,680,16,7893
4245,1,0,0,30,375,0,13029
4109,60,0,0,4,336,0,13978
3546,2,0,0,0,529,0,11653
5473,8,0,0,46,467,0,14542
3713,18,5,0,0,145,19,10417
3420,0,0,0,0,128,0,11456
4223,69,0,0,0,240,0,12359
4422,0,0,0,21,1021,4,9137
5373,22,0,0,2,416,0,11297
4026,50,0,0,50,267,0,13287
8694,0,0,0,0,162,0,13492
4226,1,0,0,15,519,9,8446
4229,0,0,0,39,46,0,12586
4951,2,0,0,1,238,0,10175
5472,0,0,0,0,584,0,12404
3106,28,0,0,0,435,0,10709
3993,0,0,0,0,59,0,10445
7179,0,0,0,0,575,0,18656
2965,1,0,0,57,664,0,9502
4003,3,0,7,99,115,0,12283
3948,23,0,0,131,827,1,13104
2467,10,0,0,0,204,0,9527
5064,20,3,0,1,50,2,12150
10681,3,0,0,5,33,5,15308
3248,0,0,0,162,524,0,11814
3271,7,0,0,2,431,0,9505
11148,0,0,0,0,536,0,13907
3963,0,0,0,0,134,0,10799
6042,0,0,0,0,294,1,9711
2932,0,0,0,15,413,0,10528
3606,0,0,0,0,457,0,9153
3976,11,0,0,11,40,0,12418
4515,0,0,0,30,59,0,15524
3427,0,0,0,6,630,0,12030
6099,0,0,0,0,75,0,12418
6543,0,0,0,0,0,0,6973
3015,0,0,0,0,36,0,5689
6441,0,0,0,0,0,0,10849
2898,0,0,0,0,0,0,9964
8523,0,0,0,0,117,0,14713
12510,0,0,0,0,0,0,12382
14895,0,0,0,0,0,0,18139
10596,0,0,0,0,196,0,14808
8313,0,0,0,0,99,0,10828
7452,0,0,0,0,190,0,14652
12588,0,1,0,1,46,0,22714
7033,12,0,0,0,110,0,16081
11223,0,0,0,0,126,0,14461
9666,0,0,0,0,104,0,16574
5490,0,0,0,0,137,0,11237
5824,6,0,0,1,153,0,11288
11907,0,0,0,0,233,0,20174
5576,23,0,0,43,1176,3,14060
3420,0,0,0,0,0,0,8380
6163,2,0,0,3,20,3,13937
7020,0,0,0,0,232,0,16428
6078,0,0,0,0,187,0,10245
5211,0,0,0,0,516,0,12865
12810,0,0,0,0,195,0,16891
5703,2,0,0,13,318,0,11617
7145,8,0,0,32,93,0,16438
5751,0,0,0,0,207,0,14986
3984,0,0,0,0,142,0,10506
4689,0,0,0,0,192,0,11983
3678,1,0,0,0,376,0,10043
5508,0,0,0,37,184,0,17906
6990,0,0,0,0,560,0,13532
3640,0,0,0,12,390,0,10563
4263,0,0,0,0,472,0,10251
5827,0,0,0,16,191,1,9950
5505,0,0,0,1,396,2,10588
2796,0,0,0,0,350,0,8081
6736,20,0,0,0,90,0,13282
5413,1,0,0,1,318,0,14857
6200,0,0,0,16,549,0,14587
5811,0,0,0,0,180,0,13639
5250,0,0,0,0,329,0,12401
8358,0,0,0,0,78,0,13858
17043,0,0,0,0,111,0,14449
12894,0,0,0,0,135,0,19171
15969,0,0,0,0,175,0,23313
6940,0,0,0,0,197,0,16543
5084,24,0,0,0,84,0,14129
5515,0,0,0,77,95,0,15257
6369,0,0,0,0,0,0,11311
5058,0,0,0,35,130,0,13681
6690,21,0,0,5,283,0,16681
6588,0,0,0,0,0,0,11482
5564,9,0,0,1,50,2,9360
5846,25,0,0,0,52,0,13707
6603,24,0,0,0,87,0,14302
3939,0,2,0,0,0,4,10687
4203,0,0,0,78,119,0,13253
5378,6,0,0,0,231,0,14795
4106,16,0,0,0,15,0,11239
4877,26,0,0,0,59,0,11713
4490,5,0,0,9,94,0,13436
4678,0,0,0,24,102,0,12876
3488,45,0,0,58,186,0,12208
5655,0,0,0,16,140,1,12222
5718,0,0,0,0,148,0,12204
8031,0,0,0,4,207,0,10935
8064,5,1,0,40,220,6,16730
5323,5,0,0,4,380,0,16156
6664,0,1,0,41,191,0,15343
6133,8,0,0,5,257,0,15276
5093,1,0,0,60,106,0,16203
4302,2,0,0,3,303,0,11519
6264,0,0,0,0,176,0,12020
7332,5,0,0,3,292,9,17950
5282,17,0,0,0,71,0,13915
5418,14,0,0,32,258,0,14433
11265,0,0,0,0,165,0,16828
12194,0,0,0,3,31,0,15772
10392,0,0,0,0,259,0,17586
6630,4,0,0,16,102,0,15578
5964,0,0,0,0,22,0,14604
8580,0,0,0,6,118,0,14172
7045,15,0,0,4,104,0,16992
8316,0,0,0,0,131,0,11639
5770,0,0,0,59,74,0,15041
8004,0,0,0,0,181,0,16320
8058,0,0,0,0,18,0,16492
3957,4,0,0,45,94,0,12356
6481,5,0,0,0,17,0,14849
6371,14,0,0,4,57,2,14088
7459,6,0,0,0,136,0,16397
5122,33,0,0,0,158,0,15223
6613,15,1,0,7,112,3,17427
9558,0,0,0,0,198,6,19597
3462,39,0,0,2,88,4,11745
6228,0,0,0,1,1,2,9135
5292,0,0,0,0,232,0,8319
6203,2,0,0,4,638,0,13308
4449,0,0,0,0,205,0,8208
4591,2,0,0,51,88,1,12131
11334,0,0,0,0,166,0,13149
9333,0,0,0,0,102,0,12025
5215,16,0,0,29,201,0,14559
5490,0,0,0,1,297,0,10260
1566,0,0,0,0,193,0,2913
4476,0,0,0,16,206,0,11812
4446,0,0,0,0,68,0,11390
3798,0,0,0,17,177,0,11738
3348,0,0,0,3,3,1,9180
2287,3,0,0,75,90,1,8699
3726,0,0,0,0,148,0,9006
7920,0,0,0,0,103,0,11262
3954,0,0,0,56,107,2,13426
3411,12,0,0,0,225,0,9232
3525,1,0,0,88,210,0,12224
3149,0,0,0,46,90,2,9485
2916,0,0,0,26,152,1,7805
5898,1,0,0,30,151,0,19484
6384,0,0,0,0,223,0,16668
2937,0,0,0,0,123,0,8812
2655,0,0,0,0,178,0,6285
2714,1,0,0,17,518,0,7950
2821,3,0,0,59,67,0,8850
3182,0,0,0,16,133,0,7896
5535,1,0,0,0,51,0,16653
4061,4,0,0,191,525,0,10205
2000,0,0,0,31,49,0,8166
6879,0,0,0,2,211,0,14776
3447,0,0,0,135,101,4,9829
5085,0,0,0,0,0,0,11590
3351,0,0,0,0,230,0,8927
6168,25,0,0,0,433,0,16175
6945,0,0,0,0,228,0,20347
7944,0,0,0,0,168,0,14653
4940,9,0,0,0,313,0,13624
6351,18,0,0,0,34,0,15945
5925,0,0,0,15,788,0,14624
5412,0,0,0,0,336,0,13429
4878,0,0,0,0,138,0,11113
7542,0,0,0,0,59,0,12971
5610,0,0,0,0,0,0,9766
4653,0,0,0,0,508,0,12519
4482,16,0,0,1,94,0,15145
5319,0,0,0,0,204,0,10225
2409,0,0,0,0,0,0,5791
3024,0,0,0,0,285,0,9880
4307,4,0,0,0,184,0,10002
4643,2,0,0,35,492,9,13279
3994,8,0,0,6,78,0,12244
4120,4,0,0,0,411,0,9743
4224,0,0,0,0,156,0,12130
6335,2,0,1,13,80,0,17141
3802,3,0,0,1,257,0,8799
4068,0,0,0,0,0,10,12414
6850,0,0,0,5,227,0,9047
5134,7,0,0,0,53,0,13710
7812,0,0,0,40,166,0,22862
4271,3,1,0,11,138,2,11703
7365,0,0,0,0,161,0,16190
6489,0,0,0,0,243,0,15988
4107,0,0,0,0,84,0,8353
4420,2,0,0,0,33,0,14179
5446,3,0,0,0,331,0,15680
4505,0,0,0,0,0,2,10869
5574,2,0,0,0,166,0,14341
3861,15,0,0,0,16,1,11801
3372,0,0,0,0,239,0,8579
6564,0,0,0,0,100,0,11568
4482,5,0,0,40,219,0,14992
13134,1,0,0,0,243,0,21555
3525,0,0,0,0,227,0,12758
5043,0,0,0,0,101,0,15428
3582,0,0,0,0,229,0,11556
3606,17,0,0,0,296,0,9651
4429,10,0,0,5,74,8,16463
6150,5,0,0,1,318,2,17648
6186,0,0,0,0,345,0,13207
6486,0,0,0,3,204,0,15784
4203,0,0,0,19,334,0,12554
4559,0,0,0,10,310,0,10869
9774,0,0,0,0,100,0,17457
4722,54,0,0,1,106,0,14429
4281,0,0,0,0,513,0,10954
4540,0,0,0,8,23,2,11598
4599,0,0,0,0,318,0,9181
7749,0,0,0,1,381,0,14109
3381,0,0,0,9,473,0,6101
4729,52,0,0,0,128,0,13941
4428,5,0,0,28,140,0,12671
4611,2,0,0,20,180,0,12867
7029,0,0,0,0,202,0,15117
4379,52,0,0,0,104,2,14349
5888,9,0,0,70,567,0,14926
7927,0,0,0,4,249,0,11975
7194,0,0,0,0,534,0,11269
3504,0,0,0,10,456,0,11724
3900,70,0,0,0,174,0,11088
5712,0,0,0,0,520,0,9462
4115,1,0,0,8,534,1,11434
2723,27,0,0,0,55,0,8422
3902,1,0,0,14,97,0,10210
4105,18,0,0,62,230,0,14072
5709,0,0,0,2,302,1,14558
3428,20,0,0,0,176,0,8920
3934,1,0,0,0,130,0,8815
2979,0,0,0,50,187,0,8338
3280,0,0,0,68,44,0,11612
5537,0,1,0,8,261,0,13079
4097,0,0,0,67,51,0,11125
3042,36,0,0,0,198,0,9604
4299,0,0,0,0,268,0,11181
3686,0,0,0,39,78,0,8225
4648,0,0,0,31,61,5,12011
4371,33,0,0,1,279,0,13803
3576,0,0,0,42,119,0,9263
4926,1,0,0,7,28,0,10378
3434,7,0,0,6,108,3,14050
4296,0,0,0,1,147,0,11034
3871,8,0,0,0,14,0,9950
3263,3,0,0,163,131,0,12488
6020,0,0,0,5,189,0,12282
5395,10,0,0,0,138,0,13634
6262,14,0,0,5,240,0,14015
13158,0,0,0,0,109,0,10806
6441,3,0,0,0,176,0,11288
5745,0,0,0,0,208,0,12534
9318,0,0,0,2,87,0,12035
6447,0,0,0,0,339,0,15454
6225,0,0,0,0,235,1,13622
5463,0,0,0,0,49,1,8402
3133,44,0,0,0,106,0,9942
3870,48,0,0,0,65,0,10658
10074,0,0,0,0,133,0,9948
5946,0,0,0,0,0,4,11958
18777,0,0,0,0,162,0,24244
6430,42,0,0,0,38,0,16726
11589,0,0,0,0,104,0,20507
5787,34,0,0,0,464,0,16435
15378,0,0,0,0,110,0,20678
10686,0,0,0,0,142,0,17292
23883,0,0,0,0,49,0,28068
11202,0,0,0,0,134,0,19280
25023,0,0,0,0,116,0,32201
16518,0,0,0,1,184,0,29681
19020,5,0,0,1,104,0,27620
21735,0,0,0,0,0,0,16537
4974,3,0,0,25,129,0,10962
5578,0,0,0,19,112,0,14419
22143,0,0,0,0,318,0,26491
10168,0,0,0,43,184,0,25765
14490,0,0,0,0,212,0,16757
9519,0,0,0,0,82,0,8307
18933,0,0,0,0,131,0,24902
14952,0,0,0,0,157,0,18171
18921,0,0,0,0,142,0,28623
17907,0,0,0,0,141,0,15856
66579,0,0,0,0,46,0,28470
5033,1,0,0,0,4,0,6189
3900,0,0,0,0,0,0,8290
8870,0,0,0,0,167,11,17830
6519,19,0,0,0,121,0,12626
3471,2,0,0,0,167,0,9504
4719,0,0,0,0,263,0,11510
8865,0,0,0,0,197,0,13016
5282,24,0,0,0,139,0,14851
4188,2,0,0,0,162,0,8183
8385,0,0,0,0,202,0,9321
8322,0,0,0,0,154,0,10011
3953,47,0,0,0,100,0,11648
7486,1,0,0,44,93,0,14706
5936,126,0,0,0,143,0,13107
4024,0,0,0,56,59,0,13769
3378,0,0,0,0,60,0,8752
6393,14,0,0,0,54,0,12860
5124,7,0,0,52,187,0,13915
4544,0,0,0,5,80,0,10666
5487,0,0,0,21,34,0,12945
6288,3,0,0,4,86,0,16420
7024,1,0,0,15,98,0,14214
6850,0,0,0,4,227,0,15087
4620,0,0,0,0,0,16,15954
4505,9,0,0,42,122,0,14952
5529,14,0,0,10,281,0,14321
4065,35,0,0,0,50,0,11082
4269,40,0,0,0,57,0,12534
9855,0,0,0,0,112,0,12660
5943,0,0,0,25,98,0,11224
5715,1,0,0,0,118,5,11814
4927,16,0,0,4,106,0,11811
4461,0,0,0,0,2,0,9707
4655,1,0,0,28,173,0,13630
6453,1,0,0,1,401,0,16398
4117,2,0,0,40,278,0,7591
3394,61,0,0,0,113,0,9984
3631,19,0,0,16,138,0,11572
6904,0,0,0,12,109,0,12695
4413,2,0,0,33,110,0,12732
5763,7,0,0,36,204,0,12894
5061,3,0,0,24,164,0,12428
4150,10,0,0,24,130,0,17146
4245,3,0,0,0,128,0,10610
5091,0,0,0,49,109,0,14435
3630,2,0,0,0,189,0,9080
6370,1,0,0,9,220,0,16654
4836,1,0,0,3,161,0,12607
4936,28,0,0,0,84,0,13838
9417,7,0,0,12,3034,3,8807
4495,15,0,0,69,226,4,16216
5588,11,0,0,0,180,0,13779
4488,9,0,0,9,363,1,14688
11010,0,0,0,0,47,0,14915
6603,1,0,0,9,167,0,15514
4797,2,0,0,0,8,0,11703
3682,26,0,0,1,129,0,11112
6195,1,0,0,12,422,3,13306
4222,41,0,0,0,200,1,15946
7254,11,0,0,8,137,0,19540
6774,5,0,0,4,389,0,19238
8422,1,0,0,3,88,8,18890
5754,0,0,0,0,0,0,8524
5698,55,0,0,2,514,2,14718
7719,0,0,0,0,30,0,13657
6175,36,0,0,0,104,0,13423
10147,1,0,0,2,179,4,18231
5028,1,0,0,4,154,0,14098
5230,36,0,0,0,96,0,12327
5895,12,0,0,11,306,0,13940
4120,9,0,0,11,159,0,11449
4470,19,0,0,0,74,0,9997
8682,0,0,0,0,22,0,5712
3967,12,0,0,0,176,0,11575
6006,0,0,0,0,94,0,13584
4227,0,0,0,0,399,0,10108
6685,6,0,0,0,198,0,11997
8947,1,0,0,23,87,3,17979
6239,6,0,0,6,110,0,13377
6283,3,0,0,16,320,1,14321
7270,4,0,0,4,126,0,15361
9033,0,0,0,0,0,1,8331
7242,0,0,0,0,191,0,14897
9714,0,0,0,0,106,0,16968
5976,0,0,0,0,235,0,14805
5349,5,0,0,20,437,0,13039
3647,3,0,0,3,291,2,12147
5808,6,0,0,0,196,0,12714
5091,22,0,0,4,129,0,14594
5397,0,0,0,0,210,0,15853
6608,3,0,0,46,194,0,14609
10078,39,0,0,1,239,0,23418
4845,10,0,0,0,170,0,10315
4876,9,0,0,14,99,0,17794
5470,0,0,0,43,209,0,15294
15081,0,0,0,0,0,0,15019
6386,34,0,0,0,103,0,14049
4515,1,0,0,22,156,0,12914
3907,0,0,0,33,219,0,9765
10172,4,0,0,16,75,0,23181
5564,28,0,0,4,102,0,12762
4583,54,0,0,0,49,0,13384
6256,8,0,0,64,293,0,15619
6738,3,0,0,0,387,0,16870
4527,28,0,0,0,210,0,15174
4781,21,0,0,0,162,0,12272
3633,4,0,0,0,68,0,10573
4170,0,0,0,0,215,0,10349
6352,22,0,0,18,178,0,23512
5562,7,0,0,0,234,0,13437
5737,50,0,0,0,82,0,15591
6841,1,0,0,15,143,0,18120
6933,0,0,0,0,159,0,11704
5186,1,0,0,22,168,0,14787
3930,0,0,0,0,196,0,7029
6621,0,0,0,0,180,0,14143
5859,0,0,0,0,16,0,13029
3237,0,0,0,0,307,0,8256
6775,18,0,0,0,200,0,17575
5981,11,0,0,0,189,0,12411
6860,0,0,0,0,99,6,12665
5091,0,0,0,0,165,0,12034
3777,0,0,0,1,73,6,14123
5349,95,0,0,2,40,5,12117
6345,0,0,0,33,139,0,16275
4932,2,0,0,19,41,2,12684
7014,3,0,0,0,32,0,14819
5294,30,0,0,1,15,0,16528
4767,0,0,0,5,22,3,13690
5700,42,0,0,0,141,0,16411
4955,0,0,0,1,167,0,12485
5146,0,0,0,29,70,0,11865
5865,0,0,0,0,171,0,13648
7027,1,0,0,0,8,0,12249
7046,7,0,0,1,187,0,16691
6667,19,0,0,72,202,0,15517
4872,0,0,0,0,202,0,15054
4110,10,0,0,2,103,0,12675
7930,3,0,0,0,141,0,16056
6309,0,0,0,0,180,0,15805
8763,0,0,0,0,10,0,18639
5922,0,0,0,0,315,0,18865
6615,0,0,0,2,100,0,16048
10406,0,0,0,3,63,0,20987
3936,0,0,0,0,0,0,11632
4890,0,0,0,0,0,0,12718
8586,0,0,0,0,199,0,13545
4704,0,0,0,0,147,0,13219
4015,12,0,0,1,49,0,12823
3997,13,0,0,10,171,0,11149
5350,0,0,0,9,1237,0,12308
7177,11,0,0,23,174,0,19184
5999,184,0,0,0,86,0,12191
5139,0,0,0,61,194,0,16012
6125,3,0,0,2,238,0,14114
4765,7,0,0,5,139,0,9008
3157,0,0,0,4,291,4,7444
5001,0,0,0,0,128,0,11111
6012,0,0,0,27,119,0,13019
7219,0,0,0,30,224,0,14605
4461,0,0,0,0,255,0,8836
4770,0,0,0,0,332,0,14132
4542,10,0,0,0,100,0,11588
5142,0,0,0,0,406,0,12060
4180,0,0,0,47,200,0,12029
4198,26,0,0,54,41,1,14032
4642,20,0,0,0,117,0,13309
4805,9,0,0,0,33,0,13187
2950,54,0,0,5,119,9,10433
7620,5,0,0,0,87,0,10748
6443,10,0,0,3,167,0,14321
5910,2,0,0,0,165,0,14513
3637,7,0,0,4,186,4,11112
4878,0,0,0,0,379,0,13269
4326,11,0,0,1,157,0,12795
5084,51,0,0,0,88,0,13264
4396,4,0,0,35,66,0,12789
4751,47,0,0,0,49,0,13241
4420,8,0,0,8,89,0,10842
5485,41,0,0,0,141,0,14053
6383,3,0,0,31,192,0,15739
3744,53,0,0,0,65,0,10062
3629,9,0,0,7,142,1,10817
5094,10,0,0,0,119,0,12430
5717,9,0,0,4,112,0,15600
3378,0,0,0,0,1386,12,5224
4994,13,0,0,1,116,0,13780
4272,40,0,0,0,106,0,10223
3476,4,0,0,20,85,0,10675
2706,7,0,0,0,186,0,7383
4356,17,0,0,0,127,0,12682
6679,4,0,0,16,115,0,18288
4788,10,0,0,0,110,0,10840
2741,98,0,0,0,317,0,8290
4071,14,0,0,3,82,0,11206
5149,122,0,0,0,141,0,13492
3822,0,0,0,0,67,0,13719
4883,6,0,0,10,689,0,14495
4284,0,0,0,63,177,0,14788
11411,10,0,0,2,178,1,21813
7090,21,0,0,23,863,0,18065
5759,3,0,0,41,228,0,15375
11637,0,0,0,0,200,0,17885
5304,1,0,0,0,539,0,13441
7572,2,0,0,0,376,0,15958
5679,7,0,0,47,171,0,17776
5973,48,0,0,0,206,0,16973
4238,3,0,0,10,238,1,15230
4960,12,0,0,23,257,0,16154
5202,13,0,0,10,122,0,15189
4821,0,0,0,0,90,0,17890
4994,5,0,0,41,313,0,13143
4086,2,0,0,3,201,0,12944
5461,4,0,0,80,186,0,17034
4468,3,0,0,20,89,0,12710
2945,38,0,0,3,185,0,9019
7935,1,0,0,3,85,0,13880
4005,22,0,0,2,155,0,11156
5086,2,0,0,2,194,2,11614
4413,0,0,0,0,0,0,11635
4380,1,0,0,67,154,0,12289
4734,3,0,0,0,5,8,13320
5316,8,0,0,21,741,0,12800
4719,7,0,0,4,54,0,11972
7199,10,0,0,2,138,13,13663
3970,12,0,0,0,181,0,14741
6270,4,0,0,2,115,0,11865
5346,54,0,0,0,163,0,11619
3803,46,0,0,69,334,0,9672
3899,2,0,0,40,123,0,10214
4416,0,0,0,30,145,0,10143
5082,0,0,0,0,0,1,10665
5742,1,0,0,11,557,0,12593
4122,0,0,0,85,144,0,10653
6078,2,0,0,14,160,0,12743
5793,15,0,0,6,120,0,16360
4202,10,0,0,33,201,0,11284
4131,0,0,0,0,207,0,10267
5603,3,0,0,37,160,0,14769
3495,6,0,0,9,372,0,9184
5036,29,0,0,0,225,0,9954
3797,15,0,0,23,209,0,10234
2362,21,0,0,2,160,3,8952
4602,6,0,0,0,37,0,13626
3589,20,0,0,54,174,1,10767
4664,2,0,0,24,127,0,12083
4951,2,0,0,48,116,0,17675
3782,1,0,0,65,137,0,11709
4307,15,0,0,0,76,0,12112
5082,18,0,0,1,97,0,12836
4157,4,0,0,11,41,0,9357
3960,5,0,0,31,98,0,13994
5180,10,0,0,38,154,0,12652
4966,6,0,0,32,124,0,15897
4386,0,0,0,0,0,0,9892
5122,1,0,0,63,64,3,14059
3419,0,0,0,12,79,0,12610
3715,18,0,0,0,77,0,7690
3868,4,0,0,40,68,0,12530
4341,4,0,0,31,567,0,11516
4920,0,2,0,0,0,3,12347
6069,7,0,0,4,70,0,14386
5361,21,0,0,30,734,0,13094
3913,9,0,0,22,132,0,12017
2884,2,0,0,88,140,0,9094
3947,28,0,0,3,231,0,12283
4084,9,0,0,5,83,0,11549
5225,19,0,0,20,52,0,16126
7662,0,0,0,0,128,0,8666
7719,0,0,0,8,135,0,16778
5958,0,0,0,0,164,0,12338
1936,1,0,0,46,147,27,7216
13821,0,0,0,1,122,0,18907
7198,0,0,0,6,84,1,11435
4208,0,0,0,60,79,0,14140
5971,2,0,0,78,412,0,15885
6136,4,0,0,5,119,0,12196
5337,9,0,0,23,133,0,12958
4092,1,0,0,28,148,11,11624
2564,17,0,0,58,1133,1,7601
5812,50,0,0,0,160,0,15420
4017,20,0,0,61,221,0,11048
3983,3,1,0,13,19,0,11276
7876,5,0,0,6,118,0,18564
3858,23,0,0,53,428,7,10236
4513,0,0,0,29,61,0,11799
8541,0,0,0,0,130,0,13407
5598,0,0,0,0,0,0,11638
5640,22,0,0,6,179,0,13039
5424,5,0,0,14,107,0,15910
8109,0,0,0,0,242,0,8159
9347,3,0,0,9,216,3,16502
5235,0,0,0,0,452,0,12800
6330,0,0,0,0,200,0,12560
3501,7,0,0,13,125,0,11358
4704,0,0,0,0,1032,0,12679
7680,0,0,0,0,201,0,18019
7506,0,0,0,0,180,0,13504
6948,0,0,0,0,131,0,16121
7018,4,0,0,1,94,0,12966
3905,9,0,0,9,298,0,10675
2254,6,0,0,2,127,0,7020
8283,0,0,0,0,116,0,12482
4598,1,0,0,13,105,0,12648
6717,0,0,0,0,212,0,14027
5694,14,0,0,0,136,0,12508
4335,0,0,0,0,138,0,10423
6202,30,0,0,0,33,0,15141
6609,0,0,0,0,307,0,13239
3484,20,0,0,8,53,0,12528
3912,3,1,0,7,299,1,6077
4897,32,0,0,0,109,0,14520
3530,33,0,0,0,68,0,11373
5517,0,0,0,0,0,0,14113
4315,29,0,0,0,51,0,11335
4514,16,0,0,25,237,3,10953
8873,10,0,0,0,54,0,14317
4502,1,0,0,11,126,0,15080
2384,9,0,0,2,118,4,10363
4280,24,0,0,0,114,0,10949
4338,0,0,0,0,159,0,13192
5673,0,0,0,0,0,0,12016
5758,7,0,0,1,33,2,9947
6297,0,0,0,0,112,0,10047
5202,2,0,0,35,127,0,16094
4259,11,0,0,0,28,0,10436
4770,0,0,0,2,170,0,10806
3710,5,0,0,1,123,0,10421
3525,10,0,0,3,132,0,12423
4399,3,0,0,0,188,0,10396
1559,11,0,0,0,179,1,6495
1995,21,0,0,0,41,6,8237
3664,21,0,0,0,56,0,10519
12705,0,0,0,0,54,0,14191
2313,0,0,0,0,224,1,8071
7535,13,0,0,18,276,2,15836
3236,21,0,0,0,59,1,9218
8289,0,0,0,0,174,0,12121
5925,0,0,0,0,330,0,13009
5679,7,0,0,4,470,0,13779
3231,0,0,0,1,115,0,8843
4629,0,0,0,0,0,0,11491
5379,0,0,0,0,247,0,12462
4157,9,0,0,1,22,0,9699
3888,0,0,0,6,141,0,13147
6393,0,0,0,0,120,0,10243
5166,7,0,0,8,91,0,16188
4500,0,0,0,0,561,0,10579
4458,11,0,0,0,100,0,11833
1949,3,0,0,28,171,2,7766
2925,1,0,0,0,380,0,8431
2274,5,0,0,81,265,1,7947
2641,0,0,0,31,153,0,8549
5475,0,0,0,0,195,0,10789
2012,57,0,0,0,327,0,6296
1914,0,0,0,0,211,0,4737
5046,12,0,0,0,41,0,11033
9952,0,0,0,1,149,0,18462
5388,0,0,0,0,137,0,9371
5469,0,0,0,0,180,0,10099
2811,13,0,0,0,80,0,6778
5649,0,0,0,0,194,0,9635
5793,0,0,0,0,151,0,11745
5391,0,0,0,0,119,0,12179
3538,18,0,0,0,130,0,10940
4473,18,0,0,0,100,0,11502
4313,10,0,0,0,19,0,9546
3559,23,0,0,1,100,0,9197
5669,4,0,0,17,85,0,13129
4688,2,0,0,20,148,0,11652
4386,17,0,0,0,157,0,10072
4913,2,0,0,0,308,0,10507
5625,0,0,0,1,121,0,11525
5112,0,0,0,0,74,0,10181
4359,0,0,0,0,94,0,8427
4426,3,0,0,0,282,0,9849
4416,2,0,0,0,179,0,10407
4869,0,0,0,0,44,0,9002
4476,0,0,0,0,116,0,10358
5127,11,0,0,0,97,0,12055
4791,17,0,0,0,290,0,10650
5313,2,0,0,2,72,0,14331
5112,1,0,0,0,100,0,12857
4398,1,0,0,16,125,0,13530
4170,42,0,0,0,64,0,13014
4437,2,0,0,22,190,0,12105
3720,0,0,0,29,76,0,11551
4302,1,0,0,3,113,0,11629
4959,0,0,0,17,111,0,15395
4858,18,0,0,6,98,0,12256
5976,0,0,0,0,50,0,16214
7088,6,0,0,1,79,0,14232
6360,0,0,0,0,93,0,12832
5606,9,0,0,14,145,0,13586
3377,0,0,0,89,89,0,11449
3951,1,0,0,4,14,0,12930
5451,0,0,0,6,9,0,16882
6873,0,0,0,1,46,0,13490
3159,0,0,0,2,214,0,11185
4430,0,0,0,28,32,0,13997
3492,0,0,0,0,197,0,12041
4707,0,0,0,0,201,0,11848
7262,14,0,0,0,13,3,17408
5077,0,0,0,41,95,0,15803
6078,0,0,0,3,74,0,12479
3751,0,0,0,67,45,0,12230
5388,0,0,0,0,31,0,12981
3342,0,0,0,139,188,0,11335
3795,0,0,0,0,250,0,12465
3383,1,0,2,35,127,0,11276
4425,0,0,0,19,321,0,12417
4761,0,0,0,144,364,0,9363
5565,0,0,0,0,127,0,9540
7576,0,0,0,31,387,0,16517
3685,3,0,0,23,130,0,10893
5574,0,0,0,12,148,0,13578
5442,0,0,0,0,0,0,14686
3888,0,0,0,0,227,0,10382
5499,0,0,0,0,268,0,13410
2662,0,0,0,131,113,0,9302
4848,0,0,0,0,69,0,10777
3366,0,0,0,0,0,0,7444
5430,0,0,0,0,160,0,14946
5130,0,0,0,6,208,0,14340
6201,8,0,0,11,150,10,15515
3037,0,0,0,170,70,0,11328
4029,0,0,0,17,131,0,10455
5823,0,23,56,0,254,0,13564
3761,0,0,0,115,49,0,12204
2763,0,0,0,121,143,0,9517
3177,0,0,0,33,168,0,9838
3786,0,0,0,220,61,0,10574
3555,0,0,0,0,147,0,10858
4923,0,0,0,160,62,0,16261
6804,0,0,0,0,0,0,12826
9063,0,0,0,0,162,0,18451
3398,0,0,0,33,91,0,13378
3783,0,0,0,122,70,0,12517
5589,0,0,0,0,105,0,12016
4464,0,0,0,0,100,0,11529
4740,0,0,0,9,138,0,14833
5523,0,0,0,87,177,0,15202
3439,2,0,0,4,160,0,12515
3274,0,0,0,1,122,0,11979
2940,3,0,2,10,99,0,11206
3093,0,0,0,0,113,0,9002
7406,30,0,0,0,52,0,17968
2682,0,0,0,0,0,0,8236
3396,0,0,0,47,41,0,9978
2964,0,0,0,48,66,0,9385
3750,0,0,0,33,35,0,8726
4050,0,0,0,0,141,0,10813
5856,0,0,0,0,0,0,12940
4307,0,0,0,0,145,0,13012
4011,0,0,0,0,126,0,12355
5523,0,0,0,0,75,0,14140
2970,0,0,0,0,0,0,9565
12486,0,0,0,0,110,0,18944
4785,0,0,0,6,323,0,13373
5268,0,0,0,0,136,0,11868
4128,0,0,0,0,115,0,12267
7179,0,0,0,0,0,0,10093
3264,0,0,0,0,209,0,12221
3610,0,0,0,65,73,0,10140
5502,0,0,0,6,109,0,14538
2940,0,0,0,11,54,0,11165
4532,0,0,0,55,60,0,15073
7533,0,0,0,0,82,0,14280
14220,0,0,0,0,77,0,17867
6909,0,0,0,0,117,0,11824
3982,0,0,0,17,115,0,12342
2234,0,0,0,90,73,0,9139
5694,0,0,0,0,142,0,12624
3390,0,0,0,0,0,0,10888
6072,0,0,0,0,147,0,15223
4531,0,0,0,31,107,0,14643
4093,1,0,0,11,173,0,14137
3582,0,0,0,2,142,0,12004
4214,0,0,0,39,335,0,12702
5166,5,0,0,0,151,0,12748
4722,0,0,0,0,214,0,12300
6996,0,0,0,0,140,0,13808
5361,0,0,0,79,130,0,12926
5067,0,0,0,59,215,0,15231
5118,0,0,0,8,233,0,10734
3097,0,0,0,11,49,0,9378
3672,0,0,0,29,232,0,10345
3993,3,0,3,0,5,0,9566
2546,0,0,0,44,266,0,8371
3048,0,0,0,16,42,0,9774
15903,0,0,0,0,29,0,14549
5240,26,0,0,0,83,0,14806
3546,0,0,0,0,71,0,10643
5194,2,0,0,12,117,0,14359
5082,0,0,0,6,192,0,15310
6618,0,0,0,18,94,0,18972
6216,0,0,0,0,197,0,17267
9084,0,0,0,0,38,0,15890
6489,0,0,0,0,41,0,15818
5295,0,0,0,21,104,0,16475
4673,0,0,0,68,54,0,15360
6222,0,0,0,21,113,0,16409
5736,45,0,0,0,54,0,15625
5332,0,0,0,9,142,0,15923
4512,0,0,0,0,219,0,14119
4320,1,0,0,1,28,0,11380
3960,0,0,0,10,79,0,13604
6048,8,0,0,1,41,0,16142
4629,0,0,0,0,160,0,16617
7192,0,0,0,30,131,0,23689
4967,0,0,0,9,89,0,13350
4791,0,0,0,46,84,0,15651
4371,0,0,0,62,93,0,14786
6751,14,0,0,0,139,0,15426
4962,0,0,0,47,69,0,15077
5262,0,0,0,2,135,0,14897
4026,0,0,0,0,80,0,9809
8550,0,0,0,3,181,0,17754
4392,0,0,0,15,120,0,12364
10464,0,0,0,0,71,0,14405
6207,0,0,0,15,283,0,15318
7431,0,0,0,3,359,0,18632
8415,0,0,0,38,45,0,17021
4587,0,0,0,88,200,0,12814
5578,1,0,0,3,187,0,14386
5301,0,0,0,0,144,0,14767
3631,0,0,0,91,53,0,13185
4278,0,0,0,126,636,0,11008
4509,0,0,0,0,119,0,10322
3978,0,0,0,12,168,0,14938
4083,0,0,0,0,246,0,7825
5314,0,0,1,225,237,0,10316
6864,0,0,0,0,315,0,17941
7197,0,0,0,0,208,0,19149
4977,0,0,0,0,130,0,12573
5376,0,0,0,0,120,0,11740
4950,0,0,0,0,109,0,12231
3804,0,0,0,53,256,0,12397
3261,0,0,0,9,81,0,7249
6552,0,0,0,3,310,0,16335
2772,0,0,0,346,1054,0,8972
2937,0,0,0,30,135,0,9106
3411,0,0,0,18,174,0,9967
3083,0,0,0,75,252,0,9452
9450,0,0,0,0,0,0,8620
9282,0,0,0,0,102,0,12784
6109,6,0,0,5,91,0,15657
5172,0,0,0,0,219,0,13894
3003,0,0,0,1,166,0,7985
2622,0,0,0,8,48,0,8240
4605,0,0,0,62,177,0,13616
6028,0,0,0,8,16,0,13269
4619,5,0,0,1,30,0,14666
2952,0,0,0,84,249,0,9904
4872,0,0,0,124,245,0,13174
5780,0,0,0,54,72,0,14678
4278,0,0,0,20,65,0,11685
4195,3,0,0,25,78,0,10703
2109,0,0,0,18,242,0,6185
4589,0,0,0,3,121,0,12523
5016,0,0,0,0,177,0,17047
5898,0,0,0,4,93,0,15411
6825,0,0,0,0,71,0,13640
4734,0,0,0,6,82,0,10545
7950,0,0,0,0,83,0,14951
9372,0,0,0,0,78,0,13624
6042,0,0,0,0,74,0,12371
5458,0,0,0,15,61,0,13352
4209,0,0,0,0,0,0,10777
5511,0,0,0,4,112,0,13223
4943,0,0,0,35,45,0,11433
7191,0,0,0,0,91,0,14124
3459,0,0,0,0,0,0,10111
5022,0,0,0,5,110,0,11727
2355,0,0,0,84,123,0,10264
6209,0,0,0,0,74,0,13437
17637,0,0,0,1,42,0,23730
3225,0,0,0,23,69,0,9227
5433,0,0,0,23,33,0,11975
2450,72,0,0,0,46,0,8032
7284,0,0,0,0,0,0,10312
8740,0,0,0,15,33,0,16488
6165,0,0,0,25,102,0,14244
7314,0,0,0,60,36,0,17530
3827,0,0,0,26,28,0,12629
8415,0,0,0,0,74,0,14747
4080,0,0,0,6,223,0,11820
5010,0,0,0,0,140,0,14210
3755,0,0,0,7,95,0,10703
9123,0,0,0,0,98,0,17312
4527,19,0,0,0,17,0,12673
5820,0,0,0,8,55,0,14245
5280,0,0,0,0,87,0,13093
8916,0,0,0,0,56,0,18086
4081,0,0,0,6,84,0,11958
10128,0,0,0,0,60,0,16156
5218,0,0,0,5,116,0,14291
5523,0,0,0,4,92,0,13666
6765,0,0,0,0,34,0,13140
4863,0,0,0,0,116,0,12839
2860,3,0,0,18,53,0,9838
6069,0,0,0,0,207,0,12574
4155,0,0,0,0,250,1,11918
6224,0,0,0,0,106,0,15430
5611,0,0,0,10,102,0,16853
11388,0,0,0,0,46,0,18615
7707,0,0,0,0,218,0,16073
3480,0,0,0,0,75,0,8953
4260,0,0,0,2,91,0,12667
8895,0,0,0,0,71,0,15674
4863,0,0,0,0,74,0,10067
4014,0,0,0,2,72,0,9374
4921,0,0,0,51,50,0,15967
3417,0,0,0,116,956,0,10116
3326,0,0,0,31,61,0,10152
5404,0,0,0,1,201,0,14606
8805,0,0,0,4,61,0,18806
4005,0,0,0,4,46,0,8408
9513,0,0,0,0,66,0,11365
3312,0,0,0,83,105,0,9008
4894,0,0,0,105,229,0,12860
4311,2,0,0,0,26,0,9759
5046,0,0,0,0,1,0,9777
4040,0,0,0,8,593,0,11815
3565,177,0,0,16,777,0,12284
4290,0,0,0,0,233,0,11207
3393,0,0,0,29,101,0,8685
6567,0,0,0,0,125,0,11342
4731,0,0,0,42,313,0,9918
3030,0,0,0,99,94,0,8577
4686,0,0,0,3,214,0,10827
5214,0,0,0,0,125,0,12350
5340,0,0,0,0,14,0,13142
10536,0,0,0,0,133,0,16806
5040,1,0,0,0,411,0,12969
9237,0,0,0,3,46,1,14873
4734,0,0,0,0,233,0,13667
5032,0,0,0,18,124,0,11726
7218,0,0,0,9,231,0,13900
4317,0,0,0,16,131,0,8602
4065,0,0,0,29,296,0,13698
11469,0,0,0,0,134,0,15437
3576,0,0,0,0,128,0,8804
3546,0,0,0,0,144,0,9190
3777,0,0,0,0,130,0,8955
2985,0,0,0,0,161,0,8654
4024,31,0,0,0,27,0,11648
2556,0,0,0,0,93,0,7651
5368,0,0,0,0,198,0,10128
1017,0,0,0,0,0,0,4303
2334,0,0,0,0,40,0,5364
4038,0,0,0,0,100,0,9750
3291,0,0,0,0,185,0,9404
1644,0,0,0,0,0,0,4096
3477,0,0,0,0,101,0,8885
4170,0,0,0,0,0,0,10834
4107,0,0,0,0,122,0,12635
4806,0,0,0,24,227,0,13667
3030,0,0,0,0,54,0,10132
2943,0,0,0,0,0,0,9265
3399,0,0,0,0,75,0,8734
4509,0,0,0,0,340,0,9756
4401,0,0,0,0,108,0,10051
3399,0,0,0,0,154,0,8910
4131,0,0,0,0,124,0,11121
5496,0,0,0,2,160,0,12412
2912,0,0,0,16,131,0,8141
4626,0,0,0,0,0,0,9382
3651,0,0,0,4,327,0,9588
3891,0,0,0,0,89,0,10298
3564,0,0,0,0,162,0,8809
4971,0,0,0,0,100,0,11793
4104,0,0,0,0,256,0,11733
4648,0,0,0,5,224,0,10817
2019,0,0,0,19,99,0,4815
3747,0,0,0,0,125,0,8282
4293,0,0,0,0,134,0,11702
2478,0,0,0,0,98,0,5978
3477,0,0,0,0,28,0,11127
2913,0,0,0,0,155,2,9120
2766,0,0,0,103,32,0,10315
3057,0,0,0,0,274,0,9204
3096,0,0,0,0,122,0,5618
5289,0,0,0,0,222,0,9130
5604,0,0,0,0,143,0,15197
3282,0,0,0,156,58,0,11508
3336,0,0,0,0,242,0,10337
5427,0,0,0,0,154,0,13305
2632,0,0,0,16,50,0,8802
4605,0,0,0,0,229,0,12030
6580,0,0,0,5,960,0,14425
5268,0,0,0,0,127,0,11877
3771,0,0,0,0,130,0,10359
4830,0,0,0,6,153,0,11503
3501,0,0,0,1,142,0,10280
3729,0,0,0,0,0,0,10531
2991,0,0,0,0,91,0,10488
4140,0,0,0,0,82,0,11118
4371,0,0,0,0,109,0,12984
3442,0,0,0,103,83,0,11358
3936,0,0,0,0,200,0,8744
12852,0,0,0,0,0,0,12421
4929,0,0,0,26,149,0,13800
4944,0,0,0,0,166,0,11754
2468,0,0,0,173,88,0,6917
5589,0,0,0,0,0,0,8689
4917,0,0,0,0,139,0,11403
4209,0,0,0,0,205,0,12096
4281,0,0,0,59,160,0,13189
2859,0,0,0,0,28,0,6231
2946,0,0,0,0,169,0,8685
4822,0,0,0,34,115,0,15601
4859,15,0,0,4,129,0,14731
8130,0,0,0,0,123,0,12319
3792,0,0,0,9,253,0,11178
6291,0,0,0,32,94,0,16348
6561,0,0,0,1,271,0,15035
8127,0,0,0,0,246,0,15199
7650,0,0,0,0,570,0,17860
4185,0,0,0,1,247,0,13637
5404,14,0,0,3,86,0,16388
3972,0,0,0,89,72,0,15188
3826,0,0,0,90,40,0,12503
5226,0,0,0,0,281,0,18065
5299,17,0,0,0,92,0,11840
4800,0,0,0,0,772,0,13605
3909,0,0,0,157,90,0,10485
6279,0,0,0,4,118,0,13919
5226,0,0,0,13,640,0,13118
6648,1,0,0,40,272,0,15111
4914,0,0,0,5,195,0,13301
6526,0,0,0,48,135,0,16491
4182,0,0,0,5,415,0,15553
3967,0,0,0,100,96,0,14741
7551,0,0,0,47,265,0,17203
4716,0,0,0,0,181,0,9663
3641,25,0,0,5,119,0,14298
4962,0,0,0,80,1337,0,14193
5095,0,0,0,76,174,0,16115
6026,0,0,0,87,74,0,17493
4014,0,0,0,49,117,0,13509
6049,0,0,0,165,213,0,16773
3757,0,0,0,110,51,0,10714
4919,0,0,0,242,120,0,16614
4149,0,0,0,126,58,0,10299
8922,0,0,0,12,219,0,18847
2999,2,0,0,17,230,0,10142
3612,0,0,0,0,303,0,9475
5106,0,0,0,4,95,0,14815
3690,1,0,0,40,88,0,12274
4842,0,0,0,160,655,0,12263
5655,0,0,0,0,8,0,13241
3629,0,0,0,115,76,0,14160
3376,0,0,0,90,38,0,12616
3320,0,0,0,69,57,0,12302
5310,0,0,0,0,91,0,13776
5958,2,0,0,0,24,0,16781
7860,0,0,0,0,54,0,12106
3207,0,0,0,65,92,0,14220
5948,0,0,0,27,118,0,16384
8025,0,0,0,39,71,0,15545
4263,0,0,0,15,133,0,13677
4439,0,0,0,11,192,0,13038
4537,16,0,0,0,67,0,17674
3453,0,0,0,0,258,0,10567
5293,0,0,0,52,81,0,18647
4612,3,0,0,1,54,0,11660
5736,0,0,0,5,352,0,12322
5196,22,0,0,0,16,0,12854
5412,0,0,0,0,0,0,12268
3896,0,0,0,29,212,0,11557
2877,0,0,0,83,127,0,10483
7458,0,0,0,0,125,0,13007
5118,0,0,0,4,157,0,13208
4536,0,0,0,101,129,0,13268
4467,0,0,0,0,0,0,8614
9462,0,0,0,0,158,0,10916
4056,0,0,0,0,252,0,8881
1509,7,0,4,22,946,0,5784
7470,0,0,0,0,51,0,9121
2391,0,0,0,1,162,0,6876
1899,0,0,0,0,0,0,5581
3923,2,0,2,7,107,0,10564
4710,0,0,0,48,135,0,12397
2857,7,0,0,0,199,0,10153
2261,0,0,0,106,96,0,8137
2835,0,0,0,51,27,0,9622
3465,0,0,0,50,194,0,9807
4863,0,0,0,0,141,0,11752
1886,0,0,0,72,29,0,8004
2969,55,0,0,0,203,0,9422
6749,2,0,0,20,157,0,16218
5408,9,0,0,0,8,0,14133
4648,0,0,0,74,163,0,14436
8160,0,0,0,0,0,0,16018
4446,0,0,0,0,146,0,11156
2242,2,0,0,110,92,0,9426
4167,0,0,0,0,0,0,14293
4034,1,0,0,6,140,0,11951
4782,1,0,0,34,129,0,15626
5134,19,0,0,0,8,0,13689
3587,5,0,1,0,3,0,8939
4029,3,0,0,21,119,0,10928
5887,0,0,0,23,112,0,15882
3954,0,0,0,55,98,0,13183
4431,0,0,0,55,107,0,11983
8730,0,0,0,0,108,0,12622
3469,0,0,0,64,156,0,14000
4148,1,0,0,9,165,0,9592
4799,5,0,0,0,3,0,9834
2477,0,0,0,120,205,10,9723
6240,0,0,0,0,133,0,9747
6096,0,0,0,11,316,0,9670
4862,0,0,0,18,110,4,13493
6390,0,0,0,0,141,0,15229
1886,0,0,0,51,46,0,8626
4131,0,0,0,0,199,0,12534
5478,9,0,0,0,7,0,12186
4935,27,0,0,1,422,4,13932
4848,63,0,0,0,384,1,13590
5778,0,0,0,0,131,1,16882
5610,0,0,0,0,258,0,16000
4270,8,0,0,13,1008,11,11980
4534,15,0,0,0,344,2,7568
4671,0,0,0,45,546,0,9298
8979,0,0,0,0,277,2,13996
5964,30,0,0,0,501,4,16266
3173,87,0,0,46,340,0,11730
5619,189,0,0,0,52,17,16027
5469,96,0,0,4,961,2,11640
5920,18,0,0,0,265,0,17033
5264,9,0,0,101,353,0,16441
5668,9,0,0,93,313,0,17117
6969,0,0,0,0,172,6,12591
7848,0,0,0,0,7,0,13587
3640,18,0,0,16,381,0,11675
5571,0,0,0,0,0,0,13669
3258,10,0,0,0,381,0,10992
3519,0,0,0,0,281,0,10832
5992,0,0,0,1,365,1,15509
8214,0,0,0,0,0,0,14026
5038,12,0,0,0,15,0,12543
5046,1,0,0,121,232,0,15616
5064,0,0,0,3,93,0,6670
5778,0,0,0,86,93,0,15503
8523,0,0,0,8,88,0,13729
2175,0,0,0,366,853,0,8451
10911,1,0,0,0,107,0,13159
3871,0,0,0,14,111,0,9574
5006,3,0,0,23,99,0,13755
2626,0,0,0,127,132,0,6488
3868,0,0,0,38,78,0,10648
5574,0,0,0,0,76,0,8130
4391,0,0,0,17,70,0,9782
3472,35,0,0,162,962,0,5969
8087,38,0,121,1,176,2,11985
6551,2,0,0,27,502,0,12602
4209,0,0,0,0,105,0,11053
17151,0,0,0,0,69,0,12550
4333,0,0,0,27,62,0,9838
2966,5,0,0,7,184,0,9346
3991,7,0,0,49,91,0,10866
3709,0,0,0,25,27,0,10844
4929,0,0,0,41,60,0,11090
6148,1,0,0,18,78,0,15623
3476,22,0,0,0,133,0,13659
4455,8,0,0,0,69,0,10292
6522,0,0,0,3,196,0,13434
4665,0,0,0,0,0,0,10630
3562,0,0,0,205,875,0,6858
4347,0,0,0,0,144,1,9060
3341,5,0,0,6,74,0,7810
7239,0,0,0,0,0,0,7021
3681,0,0,0,0,0,0,10597
3729,0,0,0,0,0,0,10495
5076,0,0,0,0,174,0,8848
2748,0,0,0,119,126,0,10223
5310,0,0,0,0,77,0,7613
2829,0,0,0,45,138,0,9760
4022,23,0,0,31,817,0,14284
4221,0,0,0,0,145,0,10974
4365,0,0,0,0,0,0,9523
3831,0,0,0,12,228,0,9499
3495,0,0,0,0,74,0,10001
6357,0,0,0,0,164,0,13607
4359,0,0,0,0,0,0,12133
5667,0,0,0,0,5,0,16805
2793,0,0,0,0,0,0,6889
11811,0,0,0,0,0,0,10846
3963,0,0,0,0,166,0,9759
3255,42,0,0,0,121,0,12330
4629,0,0,0,0,0,0,9976
5148,0,0,0,0,70,0,12462
3957,0,0,0,4,84,0,13137
3282,0,0,0,0,84,0,10186
7134,0,0,0,0,0,0,7498
6345,0,0,0,0,0,0,10546
10944,0,0,0,0,124,0,11100
2086,0,0,0,52,51,0,7511
3160,0,0,0,60,75,0,8913
4784,0,0,0,32,66,0,13578
4741,43,0,0,0,267,0,14507
3742,0,0,0,57,37,0,10769
2835,0,0,0,81,60,0,11224
2688,0,0,0,65,275,0,5472
3033,0,0,0,48,604,0,6507
2787,0,0,0,1,390,0,4830
4268,1,0,0,43,75,0,11343
4488,0,0,0,156,100,0,12528
6222,0,0,0,0,0,0,14260
5005,0,0,0,7,91,0,6343
6420,0,0,0,0,112,0,8700
5336,21,0,0,5,134,0,15448
2674,1,0,0,14,74,0,9082
3447,0,0,0,104,153,0,9521
3031,0,0,0,43,166,0,9949
4749,0,0,0,73,212,0,13054
8978,0,0,0,51,56,0,16815
4553,1,0,0,5,192,0,14879
945,0,0,0,1,671,0,2017
12417,5,0,0,0,242,0,19953
3172,0,0,0,12,49,4,7372
6241,0,0,0,19,26,0,12210
1867,37,0,0,0,114,0,7391
6231,0,0,0,0,120,0,10939
3600,3,0,0,0,181,0,8370
2997,0,0,0,41,36,0,9134
2454,12,0,0,0,30,0,8950
2884,0,0,0,38,434,0,6044
2033,0,0,0,257,249,3,3690
6339,0,0,0,0,109,0,9645
6276,0,0,0,1,156,0,11487
3517,9,0,0,10,264,0,8972
3577,3,0,0,10,89,0,10581
4597,16,0,0,55,162,0,14908
3210,6,0,0,0,166,0,10716
3774,3,0,0,1,63,0,10047
9438,0,0,0,0,61,0,15114
3595,0,0,0,60,109,1,9424
5550,2,0,0,47,430,0,12005
8571,0,0,0,0,75,0,15562
7131,0,0,0,3,140,0,14006
5016,12,0,0,0,137,0,11735
8907,0,0,0,1,25,0,10907
3825,0,0,0,0,0,0,10345
2520,0,0,0,0,61,0,3879
3772,24,0,0,13,309,0,11576
6495,0,0,0,0,124,0,11868
3830,4,0,0,34,132,0,12456
2839,21,0,0,4,50,1,9275
3741,0,0,0,0,26,0,12281
9261,0,0,0,4,192,0,11949
4431,0,0,0,0,0,0,7759
5175,3,0,0,1,17,0,13654
9024,0,0,0,0,293,0,10811
4293,1,0,0,17,98,0,8780
3033,0,0,0,0,0,0,6340
3789,0,0,0,0,275,0,9716
3190,8,0,0,0,30,0,6691
6087,0,0,0,17,138,0,10088
7038,0,0,0,0,89,0,10943
5439,12,0,0,2,35,0,11022
5784,14,0,0,0,102,0,13784
5402,0,0,0,26,137,0,15877
5841,0,0,0,0,95,0,7253
4281,2,0,0,16,77,0,10229
5655,0,0,0,0,0,0,13069
4650,19,0,0,0,63,0,12948
4254,0,0,0,0,0,0,11086
4542,4,0,0,0,26,0,14668
3565,1,0,0,4,112,0,9507
4073,3,0,0,0,83,0,11208
4176,8,0,0,2,46,0,13676
4327,0,0,0,29,203,0,9365
4204,0,0,0,8,65,0,9647
4563,0,0,0,2,147,0,9893
6069,0,0,0,0,82,0,8127
5851,6,0,0,12,237,0,11982
11157,0,0,0,0,0,0,12235
6435,2,0,0,0,73,0,14950
8299,1,0,0,2,54,0,12588
4722,0,0,0,0,0,0,9166
4122,2,0,0,10,71,0,15515
9447,0,0,0,0,0,0,7009
4395,0,0,0,0,24,0,12037
3106,5,0,0,15,177,0,8569
3044,0,0,0,23,31,0,7820
10857,0,0,0,0,76,0,16299
3835,6,0,0,0,117,0,9123
4186,0,0,0,103,152,0,10563
6204,0,0,0,0,0,0,10660
4369,0,0,0,93,87,0,9711
4366,0,0,0,19,219,0,8276
4120,11,0,0,0,54,0,12706
3559,0,0,0,21,71,0,7885
5016,11,0,0,4,70,0,10992
5070,0,0,0,0,71,0,7367
4189,0,0,0,3,45,0,12654
4242,0,0,0,12,16,0,12621
4032,0,0,0,9,177,0,9670
4792,16,0,0,18,173,0,10005
4875,0,1,0,0,0,2,14008
5087,5,0,0,3,54,0,12141
4534,1,0,0,49,97,0,10686
5420,3,0,0,14,89,0,11764
3255,0,0,0,0,147,0,9106
6374,12,0,0,17,95,0,13657
4185,6,0,0,0,235,0,9498
5448,0,0,0,36,173,5,12834
5301,0,0,0,0,36,0,8551
5949,0,0,0,45,99,0,12811
5268,6,0,0,0,130,0,14316
4926,0,0,0,0,0,0,11194
6291,0,0,0,1,103,0,12455
7644,2,0,0,5,36,1,15992
4836,8,0,0,0,85,0,12760
6041,5,0,0,36,423,0,13578
4097,0,0,0,17,113,0,10033
6303,0,0,0,0,153,0,13282
6249,0,0,0,29,101,0,14637
2968,0,0,0,66,57,0,9453
5619,0,0,0,0,168,0,13009
3067,7,0,0,1,73,0,10068
3132,39,0,0,0,231,0,10858
4669,5,0,0,38,62,0,13206
3450,13,0,0,0,15,0,9294
3828,0,0,0,0,170,0,8210
3260,2,0,0,27,185,0,9988
4397,5,0,0,11,52,0,12291
5598,0,0,0,0,142,0,13572
4805,20,0,0,1,64,1,11973
5478,0,0,0,8,136,0,14098
3550,0,0,0,4,131,0,11682
5878,0,0,0,73,43,0,17242
3168,10,0,0,0,55,0,11771
5958,0,0,0,0,71,0,13256
6609,0,0,0,17,471,0,10367
5916,0,0,0,10,60,0,14586
1936,26,0,0,5,245,0,5013
1343,0,0,0,3,110,0,2952
4435,12,0,0,0,43,0,12002
3545,0,0,0,35,37,0,11387
2256,0,0,0,0,0,0,5206
4488,0,0,0,0,149,0,9923
3348,10,0,0,0,112,0,10790
