Bins0,Bins1,Bins2,Bins3,Bins4,Bins5,Bins6,Bins7,Class
3534,0,0,0,0,0,0,10390,0
4227,0,0,0,0,0,0,11140,0
3771,0,0,0,0,0,0,11215,0
4014,0,0,0,0,0,0,12628,0
3819,0,0,0,0,0,0,12691,0
2403,0,0,0,0,0,0,8170,0
2934,0,0,0,0,0,0,8266,0
5745,0,0,0,0,0,0,14410,0
5937,0,0,0,0,0,0,9115,0
5256,0,0,0,0,0,2,15758,0
3591,0,0,0,0,0,0,11641,0
5685,0,0,0,0,0,0,10363,0
6420,0,0,0,0,0,0,5680,0
2592,0,0,0,0,0,5,10703,0
6309,0,0,0,0,0,0,9058,0
5325,0,0,0,0,0,0,13960,0
5706,0,0,0,0,0,0,12790,0
6171,0,0,0,0,0,0,18949,0
11262,0,0,0,0,0,0,13609,0
5301,0,0,0,0,0,0,12769,0
4116,0,0,0,0,0,2,12392,0
5880,0,0,0,0,0,0,15943,0
5274,0,0,0,0,0,0,14356,0
7233,0,0,0,0,0,0,16021,0
6306,0,0,0,0,0,0,14104,0
5805,0,0,0,0,0,0,16543,0
9435,0,0,0,0,0,0,19090,0
7080,0,0,0,0,0,0,13945,0
6291,0,0,0,0,0,0,12205,0
5985,0,0,0,0,0,0,13954,0
5196,0,0,0,0,0,0,12094,0
4806,0,0,0,0,0,0,15514,0
6333,0,0,0,0,0,0,14149,0
4746,0,0,0,0,0,0,12544,0
5094,0,0,0,0,0,0,15061,0
4815,0,0,0,0,0,0,13456,0
5091,0,0,0,0,0,0,12589,0
4731,0,0,0,0,0,0,14989,0
6873,0,0,0,0,0,0,12487,0
6153,0,0,0,0,0,0,12307,0
5022,0,0,0,0,0,0,15550,0
4644,0,0,0,0,0,0,16816,0
5220,0,0,0,0,0,0,13195,0
5616,0,0,0,0,0,0,14539,0
8214,0,0,0,0,0,0,14578,0
5064,0,0,0,0,0,0,14113,0
5934,0,0,0,0,0,0,13750,0
5637,0,0,0,0,0,0,18523,0
6324,0,0,0,0,0,0,16396,0
10470,0,0,0,0,0,0,13708,0
5847,0,0,0,0,0,0,15178,0
4764,0,0,0,0,0,0,14140,0
3921,0,0,0,0,0,0,11446,0
4329,0,0,0,0,0,0,9586,0
3516,0,0,0,0,0,0,9310,0
3588,0,0,0,0,0,0,9238,0
4692,0,0,0,0,0,0,12556,0
4506,0,0,0,0,0,0,13909,0
3486,0,0,0,0,0,0,12754,0
3264,0,0,0,0,0,0,13636,0
3888,0,0,0,0,0,0,12604,0
5655,0,0,0,0,0,0,14083,0
4758,0,0,0,0,0,0,13657,0
4602,0,0,0,0,0,0,12580,0
5793,0,0,0,0,0,0,15196,0
3891,5,0,0,0,33,0,11411,0
4032,0,0,0,0,0,0,9892,0
4662,0,0,0,0,489,0,13573,0
5067,0,0,0,0,0,0,14617,0
4782,0,0,0,0,0,0,13852,0
5613,0,0,0,0,0,0,14107,0
4719,0,0,0,0,0,0,13351,0
4899,0,0,0,0,0,0,15550,0
5256,0,0,0,0,0,1,14907,0
5385,0,0,0,0,0,0,14743,0
5079,0,0,0,0,0,0,15049,0
6651,0,0,0,0,0,0,17773,0
5937,0,0,0,0,0,0,15019,0
6153,0,0,0,0,0,0,15307,0
11229,0,0,0,0,0,0,12346,0
5079,0,0,0,0,0,0,13996,0
5559,0,0,0,0,0,0,14029,0
5025,0,0,0,0,0,0,13390,0
5493,0,0,0,0,0,0,11017,0
4278,0,0,0,0,0,0,11098,0
3243,0,0,0,0,0,0,10645,0
4524,0,0,0,0,0,0,13936,0
12678,0,0,0,0,0,0,15154,0
2448,0,0,0,0,0,0,7834,0
4203,0,0,0,0,0,0,10747,0
3774,0,0,0,0,0,14,10817,0
3138,0,0,0,0,0,0,12556,0
4971,0,0,0,0,0,0,14350,0
7500,0,0,0,0,0,0,13072,0
3696,0,0,0,0,0,0,9820,0
3984,0,0,0,0,0,0,11383,0
12201,0,0,0,0,0,0,14224,0
5193,8,0,0,0,8,0,15363,0
4686,0,0,0,0,0,0,12994,0
7461,0,0,0,0,0,0,14239,0
7245,0,0,0,0,0,0,19315,0
6564,0,0,0,0,0,0,13972,0
7290,0,0,0,0,0,0,15964,0
3936,0,0,0,0,0,0,11359,0
4914,0,0,0,0,0,0,13936,0
3276,0,0,0,0,0,0,11674,0
3990,0,0,0,0,0,0,11740,0
3573,0,0,0,0,0,0,12157,0
3021,0,0,0,0,0,0,11077,0
4395,0,0,0,0,0,0,12787,0
5163,0,0,0,0,0,0,12382,0
8475,0,0,0,0,0,0,16465,0
5709,0,0,0,0,0,0,11971,0
4659,0,0,0,0,0,0,11797,0
5814,0,0,0,0,0,0,15628,0
4149,0,0,0,0,0,0,13939,0
6957,0,0,0,0,0,2,13196,0
6968,3,2,0,0,156,0,12810,0
6462,0,0,0,0,0,0,15433,0
7466,0,0,0,0,202,0,9604,0
8954,1,1,0,3,650,0,14461,0
7827,3,0,136,0,55,0,17543,0
5277,0,0,0,0,0,0,13210,0
5391,0,0,0,0,0,0,13096,0
6315,0,0,0,0,0,0,18298,0
4173,0,0,0,0,0,0,11956,0
5301,0,0,0,0,0,0,16051,0
5169,0,0,0,0,0,0,12865,0
3627,0,0,0,0,0,0,12067,0
6282,0,0,0,0,0,0,17788,0
4590,0,0,0,0,0,0,12301,0
3996,0,0,0,0,0,0,12133,0
3645,0,0,0,0,0,0,10633,0
4179,0,0,0,0,0,0,12277,0
8664,0,0,0,0,0,0,16036,0
4497,0,0,0,0,0,0,10870,0
3159,0,0,0,0,0,3,11116,0
2502,0,0,0,0,0,3,9049,0
1656,0,0,0,0,0,6,6610,0
4782,0,0,0,0,0,0,13714,0
5445,0,0,0,0,0,0,15544,0
3471,0,0,0,0,0,0,12622,0
2997,0,0,0,0,0,0,7123,0
5502,0,0,0,0,0,0,15088,0
1737,0,0,0,0,0,0,7945,0
4617,0,0,0,0,0,0,12655,0
4629,0,0,0,0,0,0,14095,0
5862,0,0,0,0,0,0,16042,0
6947,22,0,0,1,11,2,17177,0
5901,0,0,0,0,0,0,13420,0
5910,0,0,0,0,0,0,18739,0
5343,0,0,0,0,0,0,15229,0
6045,0,0,0,0,0,0,15823,0
4305,0,0,0,0,0,0,7885,0
4842,0,0,0,0,0,0,10453,0
4365,0,0,0,0,0,0,14131,0
4248,0,0,0,0,0,0,13840,0
5724,0,0,0,0,0,0,13162,0
5406,0,0,0,0,0,0,14224,0
7953,0,0,0,0,0,0,11359,0
6258,0,0,0,0,0,0,13342,0
2007,0,0,0,0,0,8,9485,0
4497,0,0,0,0,0,0,12775,0
9045,0,0,0,0,0,0,6433,0
5478,0,0,0,0,0,0,12502,0
3987,0,0,0,0,0,1,15297,0
6261,0,0,0,0,0,6,13453,0
3828,0,0,0,0,0,0,13036,0
4686,0,0,0,0,0,0,7858,0
4212,0,0,0,0,0,0,11908,0
4551,0,0,0,0,0,0,9709,0
2844,0,0,0,0,0,0,7756,0
3540,0,0,0,0,0,0,11800,0
6165,0,0,0,0,0,0,11743,0
4389,0,0,0,0,0,0,10597,0
2406,0,0,0,0,0,0,6994,0
5886,0,0,0,0,0,0,15574,0
3351,0,0,0,0,0,0,9874,0
3963,0,0,0,0,0,0,10297,0
4770,24,0,1,0,3,0,11658,0
3330,0,0,0,0,0,0,8515,0
5397,0,0,0,0,0,0,12835,0
5724,0,0,0,0,0,0,13834,0
6297,0,0,0,0,0,0,15598,0
7272,0,0,0,0,0,0,20248,0
4992,0,0,0,0,0,0,11500,0
4686,0,0,0,0,0,0,14200,0
10499,27,0,0,0,11,0,18423,0
4167,0,0,0,0,0,0,12163,0
6090,0,0,0,0,0,0,15352,0
4347,0,0,0,0,0,0,12109,0
5112,0,0,0,0,0,0,14572,0
4029,0,0,0,0,0,0,11611,0
2913,0,0,0,0,0,0,9967,0
3366,0,0,0,0,0,0,10333,0
2835,0,0,0,0,0,0,10381,0
4518,0,0,0,0,0,0,11212,0
5109,0,0,0,0,0,0,12571,0
7776,0,0,0,0,0,0,15754,0
4989,0,0,0,0,0,0,13183,0
14421,0,0,0,0,0,0,14269,0
3711,0,0,0,0,0,0,10204,0
3975,0,0,0,0,0,0,13678,0
4251,0,0,0,0,0,0,13039,0
4143,0,0,0,0,0,0,11152,0
4635,0,0,0,0,0,0,11485,0
4317,0,0,0,0,0,0,13372,0
4821,0,0,0,0,0,0,13675,0
8271,0,0,0,0,0,0,14605,0
7827,0,0,0,0,0,0,13525,0
4983,0,0,0,0,0,0,14737,0
12771,0,0,0,0,0,0,10030,0
4071,0,0,0,0,0,0,12421,0
4581,0,0,0,0,0,0,8608,0
6021,0,0,0,0,0,0,17233,0
4410,0,0,0,0,0,0,14440,0
4122,0,0,0,0,0,0,13912,0
5763,0,0,0,0,0,0,7063,0
3393,0,0,0,0,0,0,11947,0
4257,0,0,0,0,0,0,14593,0
3456,0,0,0,0,0,0,11911,0
2448,0,0,0,0,0,0,9424,0
4572,0,0,0,0,0,0,15058,0
6639,0,0,0,0,0,0,19441,0
3498,0,0,0,0,0,0,12595,0
3219,0,0,0,0,0,0,8317,0
3675,0,0,0,0,0,0,10603,0
2388,0,0,0,0,0,0,5896,0
3012,0,0,0,0,0,0,10558,0
2781,0,0,0,0,0,0,10789,0
10419,0,0,0,0,0,0,14194,0
6345,0,0,0,0,0,0,13810,0
6660,0,0,0,0,0,0,14284,0
4173,0,0,0,0,0,0,13735,0
3861,0,0,0,0,0,0,9355,0
3453,0,0,0,0,0,0,10771,0
4752,0,0,0,0,0,0,11758,0
5121,0,0,0,0,0,0,13231,0
3006,0,0,0,0,0,0,10210,0
2973,0,0,0,0,0,0,9907,0
4131,0,0,0,0,0,0,12379,0
3726,0,0,0,0,0,0,11278,0
3450,0,0,0,0,0,0,9085,0
3555,0,0,0,0,0,0,11431,0
3708,1,0,1,0,1,0,10921,0
5748,0,0,0,0,0,0,16120,0
4383,0,0,0,0,0,0,16642,0
6180,0,0,0,0,0,0,15400,0
6120,0,0,0,0,0,0,17026,0
3825,0,0,0,0,0,0,14263,0
6408,0,0,0,0,0,0,14392,0
4563,4,34,192,33,24,0,16610,0
5652,0,0,0,0,0,0,14086,0
4779,0,0,0,0,0,0,16237,0
2292,0,0,0,0,0,0,8308,0
3618,0,0,0,0,0,0,12874,0
6558,0,0,0,0,0,0,16696,0
2682,0,0,0,0,0,0,9826,0
3924,0,0,0,0,0,0,11026,0
2205,0,0,0,0,0,0,8605,0
3438,0,0,0,0,0,0,13453,0
4284,0,0,0,0,0,0,16672,0
5493,0,0,0,0,0,0,13741,0
5724,0,0,0,0,0,0,16099,0
3615,0,0,0,0,0,0,11761,0
5472,0,0,0,0,0,0,8626,0
6048,0,0,0,0,0,0,13192,0
3690,0,0,0,0,0,0,11677,0
2826,0,0,0,0,0,0,9682,0
2439,0,0,0,0,0,0,9406,0
3717,0,0,0,0,0,0,12013,0
4194,0,0,0,0,0,0,13096,0
4323,0,0,0,0,0,0,12187,0
3555,0,0,0,0,0,0,13336,0
3941,2,0,0,0,220,0,11204,0
3663,0,0,0,0,0,0,12067,0
4257,0,0,0,0,0,0,12253,0
3177,0,0,0,0,0,0,11455,0
5055,0,0,0,0,0,0,12979,0
3465,0,0,0,0,0,0,13399,0
2763,0,0,0,0,0,0,11161,0
3111,0,0,0,0,0,0,11113,0
4095,0,0,0,0,0,0,12580,0
2871,0,0,0,0,0,0,11389,0
2988,0,0,0,0,0,0,10228,0
3273,0,0,0,0,0,0,10642,0
3087,0,0,0,0,0,0,11917,0
3852,0,0,0,0,0,0,13693,0
3987,0,0,0,0,0,0,10654,0
7233,0,0,0,0,0,0,13063,0
4446,0,0,0,0,0,0,14839,0
3798,0,0,0,0,0,0,13492,0
2493,0,0,0,0,0,0,8116,0
3102,0,0,0,0,0,0,10114,0
3384,0,0,0,0,0,0,11992,0
3825,0,0,0,0,0,0,12499,0
3078,0,0,0,0,0,0,10111,0
3762,0,0,0,0,0,0,11932,0
8235,0,0,0,0,0,0,15835,0
4038,0,0,0,0,0,0,10594,0
5115,0,0,0,0,0,0,14515,0
5643,0,0,0,0,0,0,11722,0
3264,0,0,0,0,0,0,10960,0
3480,0,0,0,0,0,0,12160,0
3717,0,0,0,0,0,0,10543,0
4578,0,0,0,0,0,0,7267,0
5388,0,0,0,0,0,0,12292,0
3474,0,0,0,0,0,0,11158,0
3114,0,0,0,0,0,0,10075,0
4158,0,0,0,0,0,0,12334,0
2808,0,0,0,4,406,0,8582,0
4584,0,0,0,0,0,0,11164,0
3663,0,0,0,0,6,0,11698,0
3645,0,0,0,0,0,0,10987,0
2889,0,0,0,0,0,0,10627,0
2940,0,0,0,0,0,0,9604,0
3435,0,0,0,0,0,0,9790,0
3699,0,0,0,0,0,0,11305,0
3039,0,0,0,0,0,0,9823,0
3852,0,0,0,0,0,0,11488,0
3465,0,0,0,0,0,0,11095,0
4086,0,0,0,0,0,0,10519,0
7620,0,0,0,0,0,0,17482,0
3123,0,0,0,0,0,0,12244,0
5397,0,0,0,0,0,0,8155,0
4860,0,0,0,0,0,0,12322,0
8700,0,0,0,0,0,0,12880,0
3669,0,0,0,0,0,0,11698,0
3393,0,0,0,0,0,0,12355,0
4245,0,0,0,0,0,0,13045,0
7062,0,0,0,0,0,0,13954,0
2709,0,0,0,0,0,0,8791,0
3711,0,0,0,0,0,0,12799,0
8445,0,0,0,0,0,0,15190,0
1530,0,0,0,0,0,0,6478,0
2931,0,0,0,0,0,0,10639,0
3201,0,0,0,0,0,0,8335,0
2997,0,0,0,0,0,0,11227,0
2808,0,0,0,0,0,0,11470,0
3210,0,0,0,0,0,0,10006,0
3078,0,0,0,0,0,0,11200,0
3393,0,0,0,0,0,0,12337,0
2538,0,0,0,0,0,0,11014,0
4092,0,0,0,0,0,0,11275,0
4362,0,0,0,0,0,0,12820,0
5706,0,0,0,0,0,0,11530,0
3582,0,0,0,0,0,0,7618,0
4095,0,0,0,0,0,0,13975,0
4722,0,0,0,0,0,0,14455,0
4253,0,0,0,6,3,0,13028,0
4263,0,0,0,0,0,0,13009,0
3867,0,0,0,0,0,0,12625,0
4848,0,0,0,0,0,0,12424,0
3102,0,0,0,0,0,0,10822,0
3204,0,0,0,0,0,0,8032,0
4113,0,0,0,0,0,0,12016,0
5154,0,0,0,0,0,0,12499,0
2601,0,0,0,0,0,0,8317,0
2403,0,0,0,0,0,0,9151,0
2313,0,0,0,0,0,0,9568,0
4581,0,0,0,0,0,0,11821,0
3525,0,0,0,0,0,0,12481,0
2667,0,0,0,0,0,0,8707,0
1926,0,0,0,0,0,0,6574,0
3480,0,0,0,0,0,0,10003,0
3771,0,0,0,0,0,0,11923,0
2952,0,0,0,0,0,0,11545,0
3843,0,0,0,0,0,0,11161,0
3993,0,0,0,0,0,0,10993,0
5829,0,0,0,0,0,0,11716,0
3357,0,0,0,0,0,0,10867,0
3660,0,0,0,0,0,0,11707,0
3084,0,0,0,0,0,0,8152,0
2844,0,0,0,0,0,0,9364,0
3360,0,0,0,0,0,0,8086,0
12450,0,0,0,0,0,0,15025,0
6045,0,0,0,0,0,0,11773,0
3516,0,0,0,0,0,0,12613,0
4923,0,0,0,0,0,0,12730,0
6303,0,0,0,0,0,0,13852,0
5460,0,0,0,0,0,0,10996,0
6158,0,0,0,0,0,0,11114,0
5160,0,0,0,0,0,0,11332,0
14097,0,0,0,0,0,0,19678,0
17604,0,0,0,0,0,0,19720,0
10899,0,0,0,0,0,0,12493,0
4281,0,0,0,0,0,0,13399,0
5025,0,0,0,0,0,0,13045,0
4929,0,0,0,0,0,0,13531,0
6375,0,0,0,0,0,0,18193,0
3762,0,0,0,0,0,0,11986,0
4080,0,0,0,0,0,0,12250,0
4263,0,0,0,0,0,0,9652,0
3531,0,0,0,0,0,0,10357,0
4725,0,0,0,0,0,0,10645,0
3141,0,0,0,0,0,0,10429,0
4095,0,0,0,0,0,0,13594,0
3618,0,0,0,0,0,0,10660,0
2232,0,0,0,0,0,0,8668,0
2403,0,0,0,0,0,0,8515,0
3408,0,0,0,0,0,0,12286,0
3105,0,0,0,0,0,0,10903,0
2448,0,0,0,0,0,0,8779,0
2907,0,0,0,0,0,0,11653,0
3426,0,0,0,0,0,0,11950,0
3258,0,0,0,0,0,0,11002,0
3429,0,0,0,0,0,0,13807,0
4590,0,0,0,0,0,0,9970,0
5469,0,0,0,0,0,0,11767,0
4290,0,0,0,0,0,0,14125,0
2592,0,0,0,0,0,0,7981,0
4968,0,0,0,0,0,0,13384,0
3969,0,0,0,0,0,0,14518,0
2613,0,0,0,0,0,0,7687,0
2655,0,0,0,0,0,0,9880,0
2556,0,0,0,0,0,0,10834,0
2412,0,0,0,0,0,0,9778,0
3555,0,0,0,0,0,0,11341,0
3564,0,0,0,0,0,0,11068,0
3285,0,0,0,0,0,0,11701,0
2817,0,0,0,0,0,0,11107,0
3264,0,0,0,0,0,0,10906,0
6987,0,0,0,0,0,0,17191,0
3114,0,0,0,0,0,0,13006,0
3675,0,0,0,0,0,0,11665,0
6648,0,0,0,0,0,0,13672,0
2727,0,0,0,0,0,0,9103,0
3726,0,0,0,0,0,0,11260,0
3339,0,0,0,0,0,0,11611,0
3546,0,0,0,0,0,0,11014,0
3978,0,0,0,0,0,0,11770,0
7263,0,0,0,0,0,0,21427,0
3975,0,0,0,0,0,0,13570,0
6537,0,0,0,0,0,0,12784,0
3990,0,0,0,0,0,0,9925,0
7230,0,0,0,0,0,0,14938,0
9435,0,0,0,0,0,0,14890,0
4698,0,0,0,0,0,0,12193,0
5124,0,0,0,0,0,0,9436,0
3462,0,0,0,0,0,0,10108,0
3084,0,0,0,0,0,0,8797,0
2730,0,0,0,0,0,0,7798,0
7656,0,0,0,0,0,0,10870,0
2985,0,0,0,0,0,0,7015,0
10905,0,0,0,0,0,0,13003,0
4734,0,0,0,0,0,0,13681,0
3129,0,0,0,0,0,0,7789,0
7863,0,0,0,0,0,0,17593,0
5127,0,0,0,0,0,0,12943,0
5205,0,0,0,0,0,0,12484,0
4092,0,0,0,0,0,0,9751,0
2994,0,0,0,0,0,0,6652,0
2034,0,0,0,0,0,0,7375,0
2277,0,0,0,0,0,0,5713,0
2916,0,0,0,0,0,0,5038,0
2892,0,0,0,0,0,0,7390,0
5319,0,0,0,0,0,0,13777,0
3822,0,0,0,0,0,0,11164,0
3123,0,0,0,0,0,0,9412,0
4545,0,0,0,0,0,0,12745,0
3798,0,0,0,0,0,0,10834,0
3081,0,0,0,0,0,0,8473,0
2748,0,0,0,0,0,0,6079,0
3498,0,0,0,0,0,0,9691,0
5124,0,0,0,0,0,0,15004,0
7761,0,0,0,0,0,0,14317,0
6252,0,0,0,0,0,0,14737,0
6606,0,0,0,0,0,0,15562,0
6213,0,0,0,0,0,0,7957,0
10617,0,0,0,0,0,0,18397,0
6617,10,0,0,0,4,0,17937,0
4377,0,0,0,0,0,0,12913,0
8914,0,0,0,2,582,3,13699,0
5739,0,0,0,0,0,0,15613,0
6237,0,0,0,0,0,0,15664,0
7209,0,0,0,0,0,0,17803,0
4245,0,0,0,0,0,0,11995,0
4626,0,0,0,0,0,0,14278,0
3252,0,0,0,0,0,0,11008,0
3129,0,0,0,0,0,0,8743,0
3198,0,0,0,0,0,0,9946,0
3978,0,0,0,0,0,0,11752,0
5799,0,0,0,0,0,0,10777,0
7053,0,0,0,0,0,0,11299,0
3339,0,0,0,0,0,0,8533,0
3159,0,0,0,0,0,0,10393,0
4851,0,0,0,0,3,0,13054,0
2256,8,0,0,0,4,0,7432,0
6759,0,0,0,0,0,0,17401,0
3690,0,0,0,0,0,0,9190,0
5256,0,0,0,0,0,0,14056,0
3552,0,0,0,0,0,0,10372,0
4344,0,0,0,0,0,0,12166,0
5010,0,0,0,0,0,0,17338,0
4476,0,0,0,0,0,0,12814,0
4134,0,0,0,0,0,0,11914,0
4557,0,0,0,0,0,0,9703,0
6750,0,0,0,0,0,0,13405,0
3975,0,0,0,0,0,0,11320,0
5709,0,0,0,0,0,0,13651,0
3909,0,0,0,0,0,0,12847,0
4263,0,0,0,0,0,0,12193,0
4356,0,0,0,0,0,0,12154,0
4662,0,0,0,0,0,0,14650,0
3732,0,0,0,0,0,0,12016,0
4320,0,0,0,0,0,0,13288,0
4731,0,0,0,0,0,0,12133,0
6261,0,0,0,0,0,0,16315,0
5373,0,0,0,0,0,0,13867,0
4791,0,0,0,0,0,0,12889,0
7596,0,0,0,0,0,0,12994,0
3867,0,0,0,0,0,0,12037,0
4533,0,0,0,0,0,0,12358,0
4317,0,0,0,0,0,0,13363,0
4569,0,0,0,0,0,0,13501,0
4377,0,0,0,0,0,0,10999,0
4968,0,0,0,0,0,0,13102,0
4128,0,0,0,0,0,0,9061,0
6564,0,0,0,0,0,0,15406,0
4053,0,0,0,0,0,0,13555,0
4728,0,0,0,0,0,0,14158,0
7894,84,0,0,0,375,0,9735,1
6156,0,0,0,0,265,0,16371,1
3054,0,0,0,0,0,0,10870,1
4920,0,0,0,0,0,0,9004,1
5181,0,0,0,0,178,0,13953,1
4428,0,0,0,0,219,0,12643,1
4463,4,0,0,15,221,0,11390,1
4229,43,0,3,1,36,0,11382,1
2553,49,0,0,0,75,0,9195,1
4444,11,0,0,15,74,0,11186,1
4259,2,0,0,9,103,0,9179,1
2938,0,0,0,69,297,0,6816,1
6505,15,0,0,0,161,0,14671,1
3186,0,0,0,0,0,0,8968,1
6876,0,0,0,0,153,0,14251,1
4968,0,0,0,0,0,0,11488,1
5958,0,0,0,0,0,0,14632,1
5532,0,0,0,0,0,1,10959,1
4506,0,0,0,0,59,0,10040,1
3832,0,0,0,2,127,0,12024,1
4395,0,0,0,0,103,0,12792,1
5733,0,0,0,0,125,0,15584,1
5253,0,0,0,0,42,0,12775,1
5550,0,0,0,0,229,0,11241,1
4275,17,0,0,0,14,0,10680,1
3654,0,0,0,0,140,0,9068,1
5976,0,0,0,0,99,0,9292,1
5991,0,0,0,0,0,0,12079,1
5343,0,0,0,0,66,0,14275,1
7761,0,0,0,0,104,0,15371,1
1593,0,0,0,0,0,0,1423,1
3702,0,0,0,0,111,0,3487,1
8766,0,0,0,0,115,0,17607,1
6033,0,0,0,0,675,0,14644,1
4743,0,0,0,22,218,0,10585,1
3252,0,0,0,1,164,0,11953,1
2922,0,0,0,0,188,0,8690,1
3852,0,0,0,0,93,0,9943,1
5367,0,0,0,0,133,0,10593,1
4171,1,0,0,5,210,0,13884,1
6432,0,0,0,0,121,0,10236,1
3510,0,0,0,1,133,17,7839,1
5694,0,0,0,6,77,0,9701,1
5619,0,0,0,0,70,0,11583,1
3414,1,0,0,0,121,0,8927,1
4863,1,0,0,0,75,0,7569,1
3858,6,0,0,0,10,0,10350,1
4156,0,1,0,26,138,7,9371,1
5550,0,0,0,44,95,0,15501,1
9825,0,0,0,0,89,0,12380,1
4101,0,0,0,77,79,0,11491,1
3546,0,0,0,8,172,0,12403,1
4413,0,0,0,0,197,0,10286,1
5016,0,0,0,0,166,0,10680,1
2955,0,0,0,49,154,0,10766,1
3969,0,0,0,94,86,0,11581,1
4312,0,0,0,15,337,0,13751,1
4580,2,1,0,0,106,0,11767,1
6018,0,0,0,0,410,0,14561,1
4944,0,0,0,10,146,0,12589,1
22491,0,0,0,0,91,0,15138,1
3389,1,0,0,1,152,0,12097,1
3585,0,0,0,0,362,0,11801,1
3819,0,0,0,0,163,0,11313,1
2502,0,0,0,58,58,0,7955,1
2539,0,0,0,69,37,0,10571,1
2818,0,0,0,14,98,0,8624,1
4613,0,0,0,67,41,0,12143,1
3788,8,0,0,72,225,0,11637,1
5433,0,0,0,52,67,0,12128,1
3900,0,0,0,4,151,0,16109,1
4344,0,0,0,0,138,0,10894,1
5766,0,0,0,35,44,0,15615,1
5892,0,0,0,0,0,0,14194,1
3756,0,0,0,0,0,0,9325,1
4170,0,0,0,29,115,0,12016,1
6723,0,0,0,60,42,0,15343,1
4665,0,0,0,10,76,0,11741,1
3727,0,0,0,77,78,0,12982,1
1530,0,0,0,0,0,0,5332,1
3408,0,0,0,0,0,0,10372,1
4213,0,0,0,35,99,0,12517,1
5115,0,0,0,3,125,0,12929,1
4368,0,0,0,73,58,0,10868,1
5409,0,0,0,0,97,0,12909,1
4051,1,0,0,24,91,0,12589,1
9804,0,0,0,0,201,0,18331,1
7479,14,0,0,0,63,0,15590,1
4128,9,0,0,2,63,0,11927,1
8559,0,0,0,0,99,3,9409,1
4527,0,0,0,0,0,0,10105,1
5308,6,0,0,14,64,0,14772,1
5095,2,0,0,4,138,0,12831,1
7437,0,0,0,0,0,0,11659,1
8934,0,0,0,0,0,0,8974,1
7272,0,0,0,0,153,0,14479,1
6264,0,0,0,2,356,0,12690,1
5349,1,0,0,34,48,0,14156,1
8260,0,0,0,32,71,0,15557,1
5326,0,0,0,1,78,0,13055,1
5840,0,0,0,33,37,0,18730,1
4254,0,0,0,0,0,0,10006,1
7776,86,0,0,0,157,0,12970,1
7053,0,0,0,0,0,0,15739,1
6141,13,0,0,0,20,0,13981,1
6848,0,0,0,35,46,0,17813,1
5389,1,0,0,46,78,0,15928,1
9228,0,0,0,0,4,0,10932,1
6115,0,0,0,57,55,0,15215,1
6195,0,0,0,106,127,0,16373,1
7496,8,1,0,2,311,2,10160,1
5024,1,0,0,27,158,0,14474,1
5538,0,0,0,0,256,0,12186,1
3069,0,0,0,0,276,0,8845,1
9255,0,0,0,17,126,0,16595,1
2085,0,0,0,0,0,0,5296,1
8322,0,0,0,78,52,0,17112,1
12705,0,0,0,0,23,0,10979,1
5274,0,0,0,0,0,0,11590,1
2295,0,0,0,0,0,0,3937,1
5046,0,0,0,0,0,0,9940,1
3327,0,0,0,0,0,0,7591,1
2514,0,0,0,0,0,0,8095,1
4458,0,0,0,0,159,0,9298,1
5619,0,0,0,0,174,0,12295,1
2097,0,0,0,0,0,0,5803,1
7041,0,0,0,0,0,0,12271,1
10005,0,0,0,0,68,0,11465,1
6909,0,0,0,4,194,0,13882,1
4692,0,0,0,49,68,0,13171,1
8055,1,0,0,2,239,0,16271,1
5186,0,0,0,4,275,0,8543,1
5018,3,0,0,0,134,0,12135,1
4803,0,0,0,0,62,0,5873,1
5928,0,0,0,0,208,0,10374,1
4245,0,0,0,0,0,0,8290,1
7239,0,0,0,0,245,0,11240,1
4509,3,0,0,3,177,0,11800,1
3535,0,0,0,177,114,0,13038,1
4404,0,0,0,0,151,0,11139,1
3288,0,0,0,198,2409,5,6962,1
3923,14,0,0,118,520,1,11934,1
5980,28,0,0,1,279,7,14895,1
5178,0,0,0,17,115,0,14320,1
4350,11,0,0,0,567,0,13559,1
8895,0,0,0,2,172,0,15436,1
4617,0,0,0,0,198,0,8737,1
4968,1,0,0,101,269,0,13148,1
14154,0,0,0,0,111,0,13771,1
5778,51,0,0,0,435,0,13366,1
6193,19,0,0,0,84,0,15527,1
4958,22,0,0,0,27,0,11503,1
4153,12,0,0,5,146,0,12866,1
6495,2,0,0,0,43,0,11068,1
5652,2,0,0,0,211,0,11407,1
5031,2,1,0,5,300,2,11550,1
6615,0,0,0,16,158,0,13801,1
3264,0,0,0,31,278,15,10336,1
3882,1,0,0,0,460,0,9917,1
3884,1,0,0,37,241,0,11531,1
7386,0,0,0,0,248,0,8822,1
4904,15,0,0,23,347,0,13888,1
3720,3,7,0,0,680,16,7893,1
4245,1,0,0,30,375,0,13029,1
4109,60,0,0,4,336,0,13978,1
3546,2,0,0,0,529,0,11653,1
5473,8,0,0,46,467,0,14542,1
3713,18,5,0,0,145,19,10417,1
3420,0,0,0,0,128,0,11456,1
4223,69,0,0,0,240,0,12359,1
4422,0,0,0,21,1021,4,9137,1
5373,22,0,0,2,416,0,11297,1
4026,50,0,0,50,267,0,13287,1
8694,0,0,0,0,162,0,13492,1
4226,1,0,0,15,519,9,8446,1
4229,0,0,0,39,46,0,12586,1
4951,2,0,0,1,238,0,10175,1
5472,0,0,0,0,584,0,12404,1
3106,28,0,0,0,435,0,10709,1
3993,0,0,0,0,59,0,10445,1
7179,0,0,0,0,575,0,18656,1
2965,1,0,0,57,664,0,9502,1
4003,3,0,7,99,115,0,12283,1
3948,23,0,0,131,827,1,13104,1
2467,10,0,0,0,204,0,9527,1
5064,20,3,0,1,50,2,12150,1
10681,3,0,0,5,33,5,15308,1
3248,0,0,0,162,524,0,11814,1
3271,7,0,0,2,431,0,9505,1
11148,0,0,0,0,536,0,13907,1
3963,0,0,0,0,134,0,10799,1
6042,0,0,0,0,294,1,9711,1
2932,0,0,0,15,413,0,10528,1
3606,0,0,0,0,457,0,9153,1
3976,11,0,0,11,40,0,12418,1
4515,0,0,0,30,59,0,15524,1
3427,0,0,0,6,630,0,12030,1
6099,0,0,0,0,75,0,12418,1
6543,0,0,0,0,0,0,6973,1
3015,0,0,0,0,36,0,5689,1
6441,0,0,0,0,0,0,10849,1
2898,0,0,0,0,0,0,9964,1
8523,0,0,0,0,117,0,14713,1
12510,0,0,0,0,0,0,12382,1
14895,0,0,0,0,0,0,18139,1
10596,0,0,0,0,196,0,14808,1
8313,0,0,0,0,99,0,10828,1
7452,0,0,0,0,190,0,14652,1
12588,0,1,0,1,46,0,22714,1
7033,12,0,0,0,110,0,16081,1
11223,0,0,0,0,126,0,14461,1
9666,0,0,0,0,104,0,16574,1
5490,0,0,0,0,137,0,11237,1
5824,6,0,0,1,153,0,11288,1
11907,0,0,0,0,233,0,20174,1
5576,23,0,0,43,1176,3,14060,1
3420,0,0,0,0,0,0,8380,1
6163,2,0,0,3,20,3,13937,1
7020,0,0,0,0,232,0,16428,1
6078,0,0,0,0,187,0,10245,1
5211,0,0,0,0,516,0,12865,1
12810,0,0,0,0,195,0,16891,1
5703,2,0,0,13,318,0,11617,1
7145,8,0,0,32,93,0,16438,1
5751,0,0,0,0,207,0,14986,1
3984,0,0,0,0,142,0,10506,1
4689,0,0,0,0,192,0,11983,1
3678,1,0,0,0,376,0,10043,1
5508,0,0,0,37,184,0,17906,1
6990,0,0,0,0,560,0,13532,1
3640,0,0,0,12,390,0,10563,1
4263,0,0,0,0,472,0,10251,1
5827,0,0,0,16,191,1,9950,1
5505,0,0,0,1,396,2,10588,1
2796,0,0,0,0,350,0,8081,1
6736,20,0,0,0,90,0,13282,1
5413,1,0,0,1,318,0,14857,1
6200,0,0,0,16,549,0,14587,1
5811,0,0,0,0,180,0,13639,1
5250,0,0,0,0,329,0,12401,1
8358,0,0,0,0,78,0,13858,1
17043,0,0,0,0,111,0,14449,1
12894,0,0,0,0,135,0,19171,1
15969,0,0,0,0,175,0,23313,1
6940,0,0,0,0,197,0,16543,1
5084,24,0,0,0,84,0,14129,1
5515,0,0,0,77,95,0,15257,1
6369,0,0,0,0,0,0,11311,1
5058,0,0,0,35,130,0,13681,1
6690,21,0,0,5,283,0,16681,1
6588,0,0,0,0,0,0,11482,1
5564,9,0,0,1,50,2,9360,1
5846,25,0,0,0,52,0,13707,1
6603,24,0,0,0,87,0,14302,1
3939,0,2,0,0,0,4,10687,1
4203,0,0,0,78,119,0,13253,1
5378,6,0,0,0,231,0,14795,1
4106,16,0,0,0,15,0,11239,1
4877,26,0,0,0,59,0,11713,1
4490,5,0,0,9,94,0,13436,1
4678,0,0,0,24,102,0,12876,1
3488,45,0,0,58,186,0,12208,1
5655,0,0,0,16,140,1,12222,1
5718,0,0,0,0,148,0,12204,1
8031,0,0,0,4,207,0,10935,1
8064,5,1,0,40,220,6,16730,1
5323,5,0,0,4,380,0,16156,1
6664,0,1,0,41,191,0,15343,1
6133,8,0,0,5,257,0,15276,1
5093,1,0,0,60,106,0,16203,1
4302,2,0,0,3,303,0,11519,1
6264,0,0,0,0,176,0,12020,1
7332,5,0,0,3,292,9,17950,1
5282,17,0,0,0,71,0,13915,1
5418,14,0,0,32,258,0,14433,1
11265,0,0,0,0,165,0,16828,1
12194,0,0,0,3,31,0,15772,1
10392,0,0,0,0,259,0,17586,1
6630,4,0,0,16,102,0,15578,1
5964,0,0,0,0,22,0,14604,1
8580,0,0,0,6,118,0,14172,1
7045,15,0,0,4,104,0,16992,1
8316,0,0,0,0,131,0,11639,1
5770,0,0,0,59,74,0,15041,1
8004,0,0,0,0,181,0,16320,1
8058,0,0,0,0,18,0,16492,1
3957,4,0,0,45,94,0,12356,1
6481,5,0,0,0,17,0,14849,1
6371,14,0,0,4,57,2,14088,1
7459,6,0,0,0,136,0,16397,1
5122,33,0,0,0,158,0,15223,1
6613,15,1,0,7,112,3,17427,1
9558,0,0,0,0,198,6,19597,1
3462,39,0,0,2,88,4,11745,1
6228,0,0,0,1,1,2,9135,1
5292,0,0,0,0,232,0,8319,1
6203,2,0,0,4,638,0,13308,1
4449,0,0,0,0,205,0,8208,1
4591,2,0,0,51,88,1,12131,1
11334,0,0,0,0,166,0,13149,1
9333,0,0,0,0,102,0,12025,1
5215,16,0,0,29,201,0,14559,1
5490,0,0,0,1,297,0,10260,1
1566,0,0,0,0,193,0,2913,1
4476,0,0,0,16,206,0,11812,1
4446,0,0,0,0,68,0,11390,1
3798,0,0,0,17,177,0,11738,1
3348,0,0,0,3,3,1,9180,1
2287,3,0,0,75,90,1,8699,1
3726,0,0,0,0,148,0,9006,1
7920,0,0,0,0,103,0,11262,1
3954,0,0,0,56,107,2,13426,1
3411,12,0,0,0,225,0,9232,1
3525,1,0,0,88,210,0,12224,1
3149,0,0,0,46,90,2,9485,1
2916,0,0,0,26,152,1,7805,1
5898,1,0,0,30,151,0,19484,1
6384,0,0,0,0,223,0,16668,1
2937,0,0,0,0,123,0,8812,1
2655,0,0,0,0,178,0,6285,1
2714,1,0,0,17,518,0,7950,1
2821,3,0,0,59,67,0,8850,1
3182,0,0,0,16,133,0,7896,1
5535,1,0,0,0,51,0,16653,1
4061,4,0,0,191,525,0,10205,1
2000,0,0,0,31,49,0,8166,1
6879,0,0,0,2,211,0,14776,1
3447,0,0,0,135,101,4,9829,1
5085,0,0,0,0,0,0,11590,1
3351,0,0,0,0,230,0,8927,1
6168,25,0,0,0,433,0,16175,1
6945,0,0,0,0,228,0,20347,1
7944,0,0,0,0,168,0,14653,1
4940,9,0,0,0,313,0,13624,1
6351,18,0,0,0,34,0,15945,1
5925,0,0,0,15,788,0,14624,1
5412,0,0,0,0,336,0,13429,1
4878,0,0,0,0,138,0,11113,1
7542,0,0,0,0,59,0,12971,1
5610,0,0,0,0,0,0,9766,1
4653,0,0,0,0,508,0,12519,1
4482,16,0,0,1,94,0,15145,1
5319,0,0,0,0,204,0,10225,1
2409,0,0,0,0,0,0,5791,1
3024,0,0,0,0,285,0,9880,1
4307,4,0,0,0,184,0,10002,1
4643,2,0,0,35,492,9,13279,1
3994,8,0,0,6,78,0,12244,1
4120,4,0,0,0,411,0,9743,1
4224,0,0,0,0,156,0,12130,1
6335,2,0,1,13,80,0,17141,1
3802,3,0,0,1,257,0,8799,1
4068,0,0,0,0,0,10,12414,1
6850,0,0,0,5,227,0,9047,1
5134,7,0,0,0,53,0,13710,1
7812,0,0,0,40,166,0,22862,1
4271,3,1,0,11,138,2,11703,1
7365,0,0,0,0,161,0,16190,1
6489,0,0,0,0,243,0,15988,1
4107,0,0,0,0,84,0,8353,1
4420,2,0,0,0,33,0,14179,1
5446,3,0,0,0,331,0,15680,1
4505,0,0,0,0,0,2,10869,1
5574,2,0,0,0,166,0,14341,1
3861,15,0,0,0,16,1,11801,1
3372,0,0,0,0,239,0,8579,1
6564,0,0,0,0,100,0,11568,1
4482,5,0,0,40,219,0,14992,1
13134,1,0,0,0,243,0,21555,1
3525,0,0,0,0,227,0,12758,1
5043,0,0,0,0,101,0,15428,1
3582,0,0,0,0,229,0,11556,1
3606,17,0,0,0,296,0,9651,1
4429,10,0,0,5,74,8,16463,1
6150,5,0,0,1,318,2,17648,1
6186,0,0,0,0,345,0,13207,1
6486,0,0,0,3,204,0,15784,1
4203,0,0,0,19,334,0,12554,1
4559,0,0,0,10,310,0,10869,1
9774,0,0,0,0,100,0,17457,1
4722,54,0,0,1,106,0,14429,1
4281,0,0,0,0,513,0,10954,1
4540,0,0,0,8,23,2,11598,1
4599,0,0,0,0,318,0,9181,1
7749,0,0,0,1,381,0,14109,1
3381,0,0,0,9,473,0,6101,1
4729,52,0,0,0,128,0,13941,1
4428,5,0,0,28,140,0,12671,1
4611,2,0,0,20,180,0,12867,1
7029,0,0,0,0,202,0,15117,1
4379,52,0,0,0,104,2,14349,1
5888,9,0,0,70,567,0,14926,1
7927,0,0,0,4,249,0,11975,1
7194,0,0,0,0,534,0,11269,1
3504,0,0,0,10,456,0,11724,1
3900,70,0,0,0,174,0,11088,1
5712,0,0,0,0,520,0,9462,1
4115,1,0,0,8,534,1,11434,1
2723,27,0,0,0,55,0,8422,1
3902,1,0,0,14,97,0,10210,1
4105,18,0,0,62,230,0,14072,1
5709,0,0,0,2,302,1,14558,1
3428,20,0,0,0,176,0,8920,1
3934,1,0,0,0,130,0,8815,1
2979,0,0,0,50,187,0,8338,1
3280,0,0,0,68,44,0,11612,1
5537,0,1,0,8,261,0,13079,1
4097,0,0,0,67,51,0,11125,1
3042,36,0,0,0,198,0,9604,1
4299,0,0,0,0,268,0,11181,1
3686,0,0,0,39,78,0,8225,1
4648,0,0,0,31,61,5,12011,1
4371,33,0,0,1,279,0,13803,1
3576,0,0,0,42,119,0,9263,1
4926,1,0,0,7,28,0,10378,1
3434,7,0,0,6,108,3,14050,1
4296,0,0,0,1,147,0,11034,1
3871,8,0,0,0,14,0,9950,1
3263,3,0,0,163,131,0,12488,1
6020,0,0,0,5,189,0,12282,1
5395,10,0,0,0,138,0,13634,1
6262,14,0,0,5,240,0,14015,1
13158,0,0,0,0,109,0,10806,1
6441,3,0,0,0,176,0,11288,1
5745,0,0,0,0,208,0,12534,1
9318,0,0,0,2,87,0,12035,1
6447,0,0,0,0,339,0,15454,1
6225,0,0,0,0,235,1,13622,1
5463,0,0,0,0,49,1,8402,1
3133,44,0,0,0,106,0,9942,1
3870,48,0,0,0,65,0,10658,1
10074,0,0,0,0,133,0,9948,1
5946,0,0,0,0,0,4,11958,1
18777,0,0,0,0,162,0,24244,1
6430,42,0,0,0,38,0,16726,1
11589,0,0,0,0,104,0,20507,1
5787,34,0,0,0,464,0,16435,1
15378,0,0,0,0,110,0,20678,1
10686,0,0,0,0,142,0,17292,1
23883,0,0,0,0,49,0,28068,1
11202,0,0,0,0,134,0,19280,1
25023,0,0,0,0,116,0,32201,1
16518,0,0,0,1,184,0,29681,1
19020,5,0,0,1,104,0,27620,1
21735,0,0,0,0,0,0,16537,1
4974,3,0,0,25,129,0,10962,1
5578,0,0,0,19,112,0,14419,1
22143,0,0,0,0,318,0,26491,1
10168,0,0,0,43,184,0,25765,1
14490,0,0,0,0,212,0,16757,1
9519,0,0,0,0,82,0,8307,1
18933,0,0,0,0,131,0,24902,1
14952,0,0,0,0,157,0,18171,1
18921,0,0,0,0,142,0,28623,1
17907,0,0,0,0,141,0,15856,1
66579,0,0,0,0,46,0,28470,1
5033,1,0,0,0,4,0,6189,1
3900,0,0,0,0,0,0,8290,1
8870,0,0,0,0,167,11,17830,1
6519,19,0,0,0,121,0,12626,1
3471,2,0,0,0,167,0,9504,1
4719,0,0,0,0,263,0,11510,1
8865,0,0,0,0,197,0,13016,1
5282,24,0,0,0,139,0,14851,1
4188,2,0,0,0,162,0,8183,1
8385,0,0,0,0,202,0,9321,1
8322,0,0,0,0,154,0,10011,1
3953,47,0,0,0,100,0,11648,1
7486,1,0,0,44,93,0,14706,1
5936,126,0,0,0,143,0,13107,1
4024,0,0,0,56,59,0,13769,1
3378,0,0,0,0,60,0,8752,1
6393,14,0,0,0,54,0,12860,1
5124,7,0,0,52,187,0,13915,1
4544,0,0,0,5,80,0,10666,1
5487,0,0,0,21,34,0,12945,1
6288,3,0,0,4,86,0,16420,1
7024,1,0,0,15,98,0,14214,1
6850,0,0,0,4,227,0,15087,1
4620,0,0,0,0,0,16,15954,1
4505,9,0,0,42,122,0,14952,1
5529,14,0,0,10,281,0,14321,1
4065,35,0,0,0,50,0,11082,1
4269,40,0,0,0,57,0,12534,1
9855,0,0,0,0,112,0,12660,1
5943,0,0,0,25,98,0,11224,1
5715,1,0,0,0,118,5,11814,1
4927,16,0,0,4,106,0,11811,1
4461,0,0,0,0,2,0,9707,1
4655,1,0,0,28,173,0,13630,1
6453,1,0,0,1,401,0,16398,1
4117,2,0,0,40,278,0,7591,1
3394,61,0,0,0,113,0,9984,1
3631,19,0,0,16,138,0,11572,1
6904,0,0,0,12,109,0,12695,1
4413,2,0,0,33,110,0,12732,1
5763,7,0,0,36,204,0,12894,1
5061,3,0,0,24,164,0,12428,1
4150,10,0,0,24,130,0,17146,1
4245,3,0,0,0,128,0,10610,1
5091,0,0,0,49,109,0,14435,1
3630,2,0,0,0,189,0,9080,1
6370,1,0,0,9,220,0,16654,1
4836,1,0,0,3,161,0,12607,1
4936,28,0,0,0,84,0,13838,1
9417,7,0,0,12,3034,3,8807,1
4495,15,0,0,69,226,4,16216,1
5588,11,0,0,0,180,0,13779,1
4488,9,0,0,9,363,1,14688,1
11010,0,0,0,0,47,0,14915,1
6603,1,0,0,9,167,0,15514,1
4797,2,0,0,0,8,0,11703,1
3682,26,0,0,1,129,0,11112,1
6195,1,0,0,12,422,3,13306,1
4222,41,0,0,0,200,1,15946,1
7254,11,0,0,8,137,0,19540,1
6774,5,0,0,4,389,0,19238,1
8422,1,0,0,3,88,8,18890,1
5754,0,0,0,0,0,0,8524,1
5698,55,0,0,2,514,2,14718,1
7719,0,0,0,0,30,0,13657,1
6175,36,0,0,0,104,0,13423,1
10147,1,0,0,2,179,4,18231,1
5028,1,0,0,4,154,0,14098,1
5230,36,0,0,0,96,0,12327,1
5895,12,0,0,11,306,0,13940,1
4120,9,0,0,11,159,0,11449,1
4470,19,0,0,0,74,0,9997,1
8682,0,0,0,0,22,0,5712,1
3967,12,0,0,0,176,0,11575,1
6006,0,0,0,0,94,0,13584,1
4227,0,0,0,0,399,0,10108,1
6685,6,0,0,0,198,0,11997,1
8947,1,0,0,23,87,3,17979,1
6239,6,0,0,6,110,0,13377,1
6283,3,0,0,16,320,1,14321,1
7270,4,0,0,4,126,0,15361,1
9033,0,0,0,0,0,1,8331,1
7242,0,0,0,0,191,0,14897,1
9714,0,0,0,0,106,0,16968,1
5976,0,0,0,0,235,0,14805,1
5349,5,0,0,20,437,0,13039,1
3647,3,0,0,3,291,2,12147,1
5808,6,0,0,0,196,0,12714,1
5091,22,0,0,4,129,0,14594,1
5397,0,0,0,0,210,0,15853,1
6608,3,0,0,46,194,0,14609,1
10078,39,0,0,1,239,0,23418,1
4845,10,0,0,0,170,0,10315,1
4876,9,0,0,14,99,0,17794,1
5470,0,0,0,43,209,0,15294,1
15081,0,0,0,0,0,0,15019,1
6386,34,0,0,0,103,0,14049,1
4515,1,0,0,22,156,0,12914,1
3907,0,0,0,33,219,0,9765,1
10172,4,0,0,16,75,0,23181,1
5564,28,0,0,4,102,0,12762,1
4583,54,0,0,0,49,0,13384,1
6256,8,0,0,64,293,0,15619,1
6738,3,0,0,0,387,0,16870,1
4527,28,0,0,0,210,0,15174,1
4781,21,0,0,0,162,0,12272,1
3633,4,0,0,0,68,0,10573,1
4170,0,0,0,0,215,0,10349,1
6352,22,0,0,18,178,0,23512,1
5562,7,0,0,0,234,0,13437,1
5737,50,0,0,0,82,0,15591,1
6841,1,0,0,15,143,0,18120,1
6933,0,0,0,0,159,0,11704,1
5186,1,0,0,22,168,0,14787,1
3930,0,0,0,0,196,0,7029,1
6621,0,0,0,0,180,0,14143,1
5859,0,0,0,0,16,0,13029,1
3237,0,0,0,0,307,0,8256,1
6775,18,0,0,0,200,0,17575,1
5981,11,0,0,0,189,0,12411,1
6860,0,0,0,0,99,6,12665,1
5091,0,0,0,0,165,0,12034,1
3777,0,0,0,1,73,6,14123,1
5349,95,0,0,2,40,5,12117,1
6345,0,0,0,33,139,0,16275,1
4932,2,0,0,19,41,2,12684,1
7014,3,0,0,0,32,0,14819,1
5294,30,0,0,1,15,0,16528,1
4767,0,0,0,5,22,3,13690,1
5700,42,0,0,0,141,0,16411,1
4955,0,0,0,1,167,0,12485,1
5146,0,0,0,29,70,0,11865,1
5865,0,0,0,0,171,0,13648,1
7027,1,0,0,0,8,0,12249,1
7046,7,0,0,1,187,0,16691,1
6667,19,0,0,72,202,0,15517,1
4872,0,0,0,0,202,0,15054,1
4110,10,0,0,2,103,0,12675,1
7930,3,0,0,0,141,0,16056,1
6309,0,0,0,0,180,0,15805,1
8763,0,0,0,0,10,0,18639,1
5922,0,0,0,0,315,0,18865,1
6615,0,0,0,2,100,0,16048,1
10406,0,0,0,3,63,0,20987,1
3936,0,0,0,0,0,0,11632,1
4890,0,0,0,0,0,0,12718,1
8586,0,0,0,0,199,0,13545,1
4704,0,0,0,0,147,0,13219,1
4015,12,0,0,1,49,0,12823,1
3997,13,0,0,10,171,0,11149,1
5350,0,0,0,9,1237,0,12308,1
7177,11,0,0,23,174,0,19184,1
5999,184,0,0,0,86,0,12191,1
5139,0,0,0,61,194,0,16012,1
6125,3,0,0,2,238,0,14114,1
4765,7,0,0,5,139,0,9008,1
3157,0,0,0,4,291,4,7444,1
5001,0,0,0,0,128,0,11111,1
6012,0,0,0,27,119,0,13019,1
7219,0,0,0,30,224,0,14605,1
4461,0,0,0,0,255,0,8836,1
4770,0,0,0,0,332,0,14132,1
4542,10,0,0,0,100,0,11588,1
5142,0,0,0,0,406,0,12060,1
4180,0,0,0,47,200,0,12029,1
4198,26,0,0,54,41,1,14032,1
4642,20,0,0,0,117,0,13309,1
4805,9,0,0,0,33,0,13187,1
2950,54,0,0,5,119,9,10433,1
7620,5,0,0,0,87,0,10748,1
6443,10,0,0,3,167,0,14321,1
5910,2,0,0,0,165,0,14513,1
3637,7,0,0,4,186,4,11112,1
4878,0,0,0,0,379,0,13269,1
4326,11,0,0,1,157,0,12795,1
5084,51,0,0,0,88,0,13264,1
4396,4,0,0,35,66,0,12789,1
4751,47,0,0,0,49,0,13241,1
4420,8,0,0,8,89,0,10842,1
5485,41,0,0,0,141,0,14053,1
6383,3,0,0,31,192,0,15739,1
3744,53,0,0,0,65,0,10062,1
3629,9,0,0,7,142,1,10817,1
5094,10,0,0,0,119,0,12430,1
5717,9,0,0,4,112,0,15600,1
3378,0,0,0,0,1386,12,5224,1
4994,13,0,0,1,116,0,13780,1
4272,40,0,0,0,106,0,10223,1
3476,4,0,0,20,85,0,10675,1
2706,7,0,0,0,186,0,7383,1
4356,17,0,0,0,127,0,12682,1
6679,4,0,0,16,115,0,18288,1
4788,10,0,0,0,110,0,10840,1
2741,98,0,0,0,317,0,8290,1
4071,14,0,0,3,82,0,11206,1
5149,122,0,0,0,141,0,13492,1
3822,0,0,0,0,67,0,13719,1
4883,6,0,0,10,689,0,14495,1
4284,0,0,0,63,177,0,14788,1
11411,10,0,0,2,178,1,21813,1
7090,21,0,0,23,863,0,18065,1
5759,3,0,0,41,228,0,15375,1
11637,0,0,0,0,200,0,17885,1
5304,1,0,0,0,539,0,13441,1
7572,2,0,0,0,376,0,15958,1
5679,7,0,0,47,171,0,17776,1
5973,48,0,0,0,206,0,16973,1
4238,3,0,0,10,238,1,15230,1
4960,12,0,0,23,257,0,16154,1
5202,13,0,0,10,122,0,15189,1
4821,0,0,0,0,90,0,17890,1
4994,5,0,0,41,313,0,13143,1
4086,2,0,0,3,201,0,12944,1
5461,4,0,0,80,186,0,17034,1
4468,3,0,0,20,89,0,12710,1
2945,38,0,0,3,185,0,9019,1
7935,1,0,0,3,85,0,13880,1
4005,22,0,0,2,155,0,11156,1
5086,2,0,0,2,194,2,11614,1
4413,0,0,0,0,0,0,11635,1
4380,1,0,0,67,154,0,12289,1
4734,3,0,0,0,5,8,13320,1
5316,8,0,0,21,741,0,12800,1
4719,7,0,0,4,54,0,11972,1
7199,10,0,0,2,138,13,13663,1
3970,12,0,0,0,181,0,14741,1
6270,4,0,0,2,115,0,11865,1
5346,54,0,0,0,163,0,11619,1
3803,46,0,0,69,334,0,9672,1
3899,2,0,0,40,123,0,10214,1
4416,0,0,0,30,145,0,10143,1
5082,0,0,0,0,0,1,10665,1
5742,1,0,0,11,557,0,12593,1
4122,0,0,0,85,144,0,10653,1
6078,2,0,0,14,160,0,12743,1
5793,15,0,0,6,120,0,16360,1
4202,10,0,0,33,201,0,11284,1
4131,0,0,0,0,207,0,10267,1
5603,3,0,0,37,160,0,14769,1
3495,6,0,0,9,372,0,9184,1
5036,29,0,0,0,225,0,9954,1
3797,15,0,0,23,209,0,10234,1
2362,21,0,0,2,160,3,8952,1
4602,6,0,0,0,37,0,13626,1
3589,20,0,0,54,174,1,10767,1
4664,2,0,0,24,127,0,12083,1
4951,2,0,0,48,116,0,17675,1
3782,1,0,0,65,137,0,11709,1
4307,15,0,0,0,76,0,12112,1
5082,18,0,0,1,97,0,12836,1
4157,4,0,0,11,41,0,9357,1
3960,5,0,0,31,98,0,13994,1
5180,10,0,0,38,154,0,12652,1
4966,6,0,0,32,124,0,15897,1
4386,0,0,0,0,0,0,9892,1
5122,1,0,0,63,64,3,14059,1
3419,0,0,0,12,79,0,12610,1
3715,18,0,0,0,77,0,7690,1
3868,4,0,0,40,68,0,12530,1
4341,4,0,0,31,567,0,11516,1
4920,0,2,0,0,0,3,12347,1
6069,7,0,0,4,70,0,14386,1
5361,21,0,0,30,734,0,13094,1
3913,9,0,0,22,132,0,12017,1
2884,2,0,0,88,140,0,9094,1
3947,28,0,0,3,231,0,12283,1
4084,9,0,0,5,83,0,11549,1
5225,19,0,0,20,52,0,16126,1
7662,0,0,0,0,128,0,8666,1
7719,0,0,0,8,135,0,16778,1
5958,0,0,0,0,164,0,12338,1
1936,1,0,0,46,147,27,7216,1
13821,0,0,0,1,122,0,18907,1
7198,0,0,0,6,84,1,11435,1
4208,0,0,0,60,79,0,14140,1
5971,2,0,0,78,412,0,15885,1
6136,4,0,0,5,119,0,12196,1
5337,9,0,0,23,133,0,12958,1
4092,1,0,0,28,148,11,11624,1
2564,17,0,0,58,1133,1,7601,1
5812,50,0,0,0,160,0,15420,1
4017,20,0,0,61,221,0,11048,1
3983,3,1,0,13,19,0,11276,1
7876,5,0,0,6,118,0,18564,1
3858,23,0,0,53,428,7,10236,1
4513,0,0,0,29,61,0,11799,1
8541,0,0,0,0,130,0,13407,1
5598,0,0,0,0,0,0,11638,1
5640,22,0,0,6,179,0,13039,1
5424,5,0,0,14,107,0,15910,1
8109,0,0,0,0,242,0,8159,1
9347,3,0,0,9,216,3,16502,1
5235,0,0,0,0,452,0,12800,1
6330,0,0,0,0,200,0,12560,1
3501,7,0,0,13,125,0,11358,1
4704,0,0,0,0,1032,0,12679,1
7680,0,0,0,0,201,0,18019,1
7506,0,0,0,0,180,0,13504,1
6948,0,0,0,0,131,0,16121,1
7018,4,0,0,1,94,0,12966,1
3905,9,0,0,9,298,0,10675,1
2254,6,0,0,2,127,0,7020,1
8283,0,0,0,0,116,0,12482,1
4598,1,0,0,13,105,0,12648,1
6717,0,0,0,0,212,0,14027,1
5694,14,0,0,0,136,0,12508,1
4335,0,0,0,0,138,0,10423,1
6202,30,0,0,0,33,0,15141,1
6609,0,0,0,0,307,0,13239,1
3484,20,0,0,8,53,0,12528,1
3912,3,1,0,7,299,1,6077,1
4897,32,0,0,0,109,0,14520,1
3530,33,0,0,0,68,0,11373,1
5517,0,0,0,0,0,0,14113,1
4315,29,0,0,0,51,0,11335,1
4514,16,0,0,25,237,3,10953,1
8873,10,0,0,0,54,0,14317,1
4502,1,0,0,11,126,0,15080,1
2384,9,0,0,2,118,4,10363,1
4280,24,0,0,0,114,0,10949,1
4338,0,0,0,0,159,0,13192,1
5673,0,0,0,0,0,0,12016,1
5758,7,0,0,1,33,2,9947,1
6297,0,0,0,0,112,0,10047,1
5202,2,0,0,35,127,0,16094,1
4259,11,0,0,0,28,0,10436,1
4770,0,0,0,2,170,0,10806,1
3710,5,0,0,1,123,0,10421,1
3525,10,0,0,3,132,0,12423,1
4399,3,0,0,0,188,0,10396,1
1559,11,0,0,0,179,1,6495,1
1995,21,0,0,0,41,6,8237,1
3664,21,0,0,0,56,0,10519,1
12705,0,0,0,0,54,0,14191,1
2313,0,0,0,0,224,1,8071,1
7535,13,0,0,18,276,2,15836,1
3236,21,0,0,0,59,1,9218,1
8289,0,0,0,0,174,0,12121,1
5925,0,0,0,0,330,0,13009,1
5679,7,0,0,4,470,0,13779,1
3231,0,0,0,1,115,0,8843,1
4629,0,0,0,0,0,0,11491,1
5379,0,0,0,0,247,0,12462,1
4157,9,0,0,1,22,0,9699,1
3888,0,0,0,6,141,0,13147,1
6393,0,0,0,0,120,0,10243,1
5166,7,0,0,8,91,0,16188,1
4500,0,0,0,0,561,0,10579,1
4458,11,0,0,0,100,0,11833,1
1949,3,0,0,28,171,2,7766,1
2925,1,0,0,0,380,0,8431,1
2274,5,0,0,81,265,1,7947,1
2641,0,0,0,31,153,0,8549,1
5475,0,0,0,0,195,0,10789,1
2012,57,0,0,0,327,0,6296,1
1914,0,0,0,0,211,0,4737,1
5046,12,0,0,0,41,0,11033,1
9952,0,0,0,1,149,0,18462,1
5388,0,0,0,0,137,0,9371,1
5469,0,0,0,0,180,0,10099,1
2811,13,0,0,0,80,0,6778,1
5649,0,0,0,0,194,0,9635,1
5793,0,0,0,0,151,0,11745,1
5391,0,0,0,0,119,0,12179,1
3538,18,0,0,0,130,0,10940,1
4473,18,0,0,0,100,0,11502,1
4313,10,0,0,0,19,0,9546,1
3559,23,0,0,1,100,0,9197,1
5669,4,0,0,17,85,0,13129,1
4688,2,0,0,20,148,0,11652,1
4386,17,0,0,0,157,0,10072,1
4913,2,0,0,0,308,0,10507,1
5625,0,0,0,1,121,0,11525,1
5112,0,0,0,0,74,0,10181,1
4359,0,0,0,0,94,0,8427,1
4426,3,0,0,0,282,0,9849,1
4416,2,0,0,0,179,0,10407,1
4869,0,0,0,0,44,0,9002,1
4476,0,0,0,0,116,0,10358,1
5127,11,0,0,0,97,0,12055,1
4791,17,0,0,0,290,0,10650,1
5313,2,0,0,2,72,0,14331,1
5112,1,0,0,0,100,0,12857,1
4398,1,0,0,16,125,0,13530,1
4170,42,0,0,0,64,0,13014,1
4437,2,0,0,22,190,0,12105,1
3720,0,0,0,29,76,0,11551,1
4302,1,0,0,3,113,0,11629,1
4959,0,0,0,17,111,0,15395,1
4858,18,0,0,6,98,0,12256,1
5976,0,0,0,0,50,0,16214,1
7088,6,0,0,1,79,0,14232,1
6360,0,0,0,0,93,0,12832,1
5606,9,0,0,14,145,0,13586,1
3377,0,0,0,89,89,0,11449,1
3951,1,0,0,4,14,0,12930,1
5451,0,0,0,6,9,0,16882,1
6873,0,0,0,1,46,0,13490,1
3159,0,0,0,2,214,0,11185,1
4430,0,0,0,28,32,0,13997,1
3492,0,0,0,0,197,0,12041,1
4707,0,0,0,0,201,0,11848,1
7262,14,0,0,0,13,3,17408,1
5077,0,0,0,41,95,0,15803,1
6078,0,0,0,3,74,0,12479,1
3751,0,0,0,67,45,0,12230,1
5388,0,0,0,0,31,0,12981,1
3342,0,0,0,139,188,0,11335,1
3795,0,0,0,0,250,0,12465,1
3383,1,0,2,35,127,0,11276,1
4425,0,0,0,19,321,0,12417,1
4761,0,0,0,144,364,0,9363,1
5565,0,0,0,0,127,0,9540,1
7576,0,0,0,31,387,0,16517,1
3685,3,0,0,23,130,0,10893,1
5574,0,0,0,12,148,0,13578,1
5442,0,0,0,0,0,0,14686,1
3888,0,0,0,0,227,0,10382,1
5499,0,0,0,0,268,0,13410,1
2662,0,0,0,131,113,0,9302,1
4848,0,0,0,0,69,0,10777,1
3366,0,0,0,0,0,0,7444,1
5430,0,0,0,0,160,0,14946,1
5130,0,0,0,6,208,0,14340,1
6201,8,0,0,11,150,10,15515,1
3037,0,0,0,170,70,0,11328,1
4029,0,0,0,17,131,0,10455,1
5823,0,23,56,0,254,0,13564,1
3761,0,0,0,115,49,0,12204,1
2763,0,0,0,121,143,0,9517,1
3177,0,0,0,33,168,0,9838,1
3786,0,0,0,220,61,0,10574,1
3555,0,0,0,0,147,0,10858,1
4923,0,0,0,160,62,0,16261,1
6804,0,0,0,0,0,0,12826,1
9063,0,0,0,0,162,0,18451,1
3398,0,0,0,33,91,0,13378,1
3783,0,0,0,122,70,0,12517,1
5589,0,0,0,0,105,0,12016,1
4464,0,0,0,0,100,0,11529,1
4740,0,0,0,9,138,0,14833,1
5523,0,0,0,87,177,0,15202,1
3439,2,0,0,4,160,0,12515,1
3274,0,0,0,1,122,0,11979,1
2940,3,0,2,10,99,0,11206,1
3093,0,0,0,0,113,0,9002,1
7406,30,0,0,0,52,0,17968,1
2682,0,0,0,0,0,0,8236,1
3396,0,0,0,47,41,0,9978,1
2964,0,0,0,48,66,0,9385,1
3750,0,0,0,33,35,0,8726,1
4050,0,0,0,0,141,0,10813,1
5856,0,0,0,0,0,0,12940,1
4307,0,0,0,0,145,0,13012,1
4011,0,0,0,0,126,0,12355,1
5523,0,0,0,0,75,0,14140,1
2970,0,0,0,0,0,0,9565,1
12486,0,0,0,0,110,0,18944,1
4785,0,0,0,6,323,0,13373,1
5268,0,0,0,0,136,0,11868,1
4128,0,0,0,0,115,0,12267,1
7179,0,0,0,0,0,0,10093,1
3264,0,0,0,0,209,0,12221,1
3610,0,0,0,65,73,0,10140,1
5502,0,0,0,6,109,0,14538,1
2940,0,0,0,11,54,0,11165,1
4532,0,0,0,55,60,0,15073,1
7533,0,0,0,0,82,0,14280,1
14220,0,0,0,0,77,0,17867,1
6909,0,0,0,0,117,0,11824,1
3982,0,0,0,17,115,0,12342,1
2234,0,0,0,90,73,0,9139,1
5694,0,0,0,0,142,0,12624,1
3390,0,0,0,0,0,0,10888,1
6072,0,0,0,0,147,0,15223,1
4531,0,0,0,31,107,0,14643,1
4093,1,0,0,11,173,0,14137,1
3582,0,0,0,2,142,0,12004,1
4214,0,0,0,39,335,0,12702,1
5166,5,0,0,0,151,0,12748,1
4722,0,0,0,0,214,0,12300,1
6996,0,0,0,0,140,0,13808,1
5361,0,0,0,79,130,0,12926,1
5067,0,0,0,59,215,0,15231,1
5118,0,0,0,8,233,0,10734,1
3097,0,0,0,11,49,0,9378,1
3672,0,0,0,29,232,0,10345,1
3993,3,0,3,0,5,0,9566,1
2546,0,0,0,44,266,0,8371,1
3048,0,0,0,16,42,0,9774,1
15903,0,0,0,0,29,0,14549,1
5240,26,0,0,0,83,0,14806,1
3546,0,0,0,0,71,0,10643,1
5194,2,0,0,12,117,0,14359,1
5082,0,0,0,6,192,0,15310,1
6618,0,0,0,18,94,0,18972,1
6216,0,0,0,0,197,0,17267,1
9084,0,0,0,0,38,0,15890,1
6489,0,0,0,0,41,0,15818,1
5295,0,0,0,21,104,0,16475,1
4673,0,0,0,68,54,0,15360,1
6222,0,0,0,21,113,0,16409,1
5736,45,0,0,0,54,0,15625,1
5332,0,0,0,9,142,0,15923,1
4512,0,0,0,0,219,0,14119,1
4320,1,0,0,1,28,0,11380,1
3960,0,0,0,10,79,0,13604,1
6048,8,0,0,1,41,0,16142,1
4629,0,0,0,0,160,0,16617,1
7192,0,0,0,30,131,0,23689,1
4967,0,0,0,9,89,0,13350,1
4791,0,0,0,46,84,0,15651,1
4371,0,0,0,62,93,0,14786,1
6751,14,0,0,0,139,0,15426,1
4962,0,0,0,47,69,0,15077,1
5262,0,0,0,2,135,0,14897,1
4026,0,0,0,0,80,0,9809,1
8550,0,0,0,3,181,0,17754,1
4392,0,0,0,15,120,0,12364,1
10464,0,0,0,0,71,0,14405,1
6207,0,0,0,15,283,0,15318,1
7431,0,0,0,3,359,0,18632,1
8415,0,0,0,38,45,0,17021,1
4587,0,0,0,88,200,0,12814,1
5578,1,0,0,3,187,0,14386,1
5301,0,0,0,0,144,0,14767,1
3631,0,0,0,91,53,0,13185,1
4278,0,0,0,126,636,0,11008,1
4509,0,0,0,0,119,0,10322,1
3978,0,0,0,12,168,0,14938,1
4083,0,0,0,0,246,0,7825,1
5314,0,0,1,225,237,0,10316,1
6864,0,0,0,0,315,0,17941,1
7197,0,0,0,0,208,0,19149,1
4977,0,0,0,0,130,0,12573,1
5376,0,0,0,0,120,0,11740,1
4950,0,0,0,0,109,0,12231,1
3804,0,0,0,53,256,0,12397,1
3261,0,0,0,9,81,0,7249,1
6552,0,0,0,3,310,0,16335,1
2772,0,0,0,346,1054,0,8972,1
2937,0,0,0,30,135,0,9106,1
3411,0,0,0,18,174,0,9967,1
3083,0,0,0,75,252,0,9452,1
9450,0,0,0,0,0,0,8620,1
9282,0,0,0,0,102,0,12784,1
6109,6,0,0,5,91,0,15657,1
5172,0,0,0,0,219,0,13894,1
3003,0,0,0,1,166,0,7985,1
2622,0,0,0,8,48,0,8240,1
4605,0,0,0,62,177,0,13616,1
6028,0,0,0,8,16,0,13269,1
4619,5,0,0,1,30,0,14666,1
2952,0,0,0,84,249,0,9904,1
4872,0,0,0,124,245,0,13174,1
5780,0,0,0,54,72,0,14678,1
4278,0,0,0,20,65,0,11685,1
4195,3,0,0,25,78,0,10703,1
2109,0,0,0,18,242,0,6185,1
4589,0,0,0,3,121,0,12523,1
5016,0,0,0,0,177,0,17047,1
5898,0,0,0,4,93,0,15411,1
6825,0,0,0,0,71,0,13640,1
4734,0,0,0,6,82,0,10545,1
7950,0,0,0,0,83,0,14951,1
9372,0,0,0,0,78,0,13624,1
6042,0,0,0,0,74,0,12371,1
5458,0,0,0,15,61,0,13352,1
4209,0,0,0,0,0,0,10777,1
5511,0,0,0,4,112,0,13223,1
4943,0,0,0,35,45,0,11433,1
7191,0,0,0,0,91,0,14124,1
3459,0,0,0,0,0,0,10111,1
5022,0,0,0,5,110,0,11727,1
2355,0,0,0,84,123,0,10264,1
6209,0,0,0,0,74,0,13437,1
17637,0,0,0,1,42,0,23730,1
3225,0,0,0,23,69,0,9227,1
5433,0,0,0,23,33,0,11975,1
2450,72,0,0,0,46,0,8032,1
7284,0,0,0,0,0,0,10312,1
8740,0,0,0,15,33,0,16488,1
6165,0,0,0,25,102,0,14244,1
7314,0,0,0,60,36,0,17530,1
3827,0,0,0,26,28,0,12629,1
8415,0,0,0,0,74,0,14747,1
4080,0,0,0,6,223,0,11820,1
5010,0,0,0,0,140,0,14210,1
3755,0,0,0,7,95,0,10703,1
9123,0,0,0,0,98,0,17312,1
4527,19,0,0,0,17,0,12673,1
5820,0,0,0,8,55,0,14245,1
5280,0,0,0,0,87,0,13093,1
8916,0,0,0,0,56,0,18086,1
4081,0,0,0,6,84,0,11958,1
10128,0,0,0,0,60,0,16156,1
5218,0,0,0,5,116,0,14291,1
5523,0,0,0,4,92,0,13666,1
6765,0,0,0,0,34,0,13140,1
4863,0,0,0,0,116,0,12839,1
2860,3,0,0,18,53,0,9838,1
6069,0,0,0,0,207,0,12574,1
4155,0,0,0,0,250,1,11918,1
6224,0,0,0,0,106,0,15430,1
5611,0,0,0,10,102,0,16853,1
11388,0,0,0,0,46,0,18615,1
7707,0,0,0,0,218,0,16073,1
3480,0,0,0,0,75,0,8953,1
4260,0,0,0,2,91,0,12667,1
8895,0,0,0,0,71,0,15674,1
4863,0,0,0,0,74,0,10067,1
4014,0,0,0,2,72,0,9374,1
4921,0,0,0,51,50,0,15967,1
3417,0,0,0,116,956,0,10116,1
3326,0,0,0,31,61,0,10152,1
5404,0,0,0,1,201,0,14606,1
8805,0,0,0,4,61,0,18806,1
4005,0,0,0,4,46,0,8408,1
9513,0,0,0,0,66,0,11365,1
3312,0,0,0,83,105,0,9008,1
4894,0,0,0,105,229,0,12860,1
4311,2,0,0,0,26,0,9759,1
5046,0,0,0,0,1,0,9777,1
4040,0,0,0,8,593,0,11815,1
3565,177,0,0,16,777,0,12284,1
4290,0,0,0,0,233,0,11207,1
3393,0,0,0,29,101,0,8685,1
6567,0,0,0,0,125,0,11342,1
4731,0,0,0,42,313,0,9918,1
3030,0,0,0,99,94,0,8577,1
4686,0,0,0,3,214,0,10827,1
5214,0,0,0,0,125,0,12350,1
5340,0,0,0,0,14,0,13142,1
10536,0,0,0,0,133,0,16806,1
5040,1,0,0,0,411,0,12969,1
9237,0,0,0,3,46,1,14873,1
4734,0,0,0,0,233,0,13667,1
5032,0,0,0,18,124,0,11726,1
7218,0,0,0,9,231,0,13900,1
4317,0,0,0,16,131,0,8602,1
4065,0,0,0,29,296,0,13698,1
11469,0,0,0,0,134,0,15437,1
3576,0,0,0,0,128,0,8804,1
3546,0,0,0,0,144,0,9190,1
3777,0,0,0,0,130,0,8955,1
2985,0,0,0,0,161,0,8654,1
4024,31,0,0,0,27,0,11648,1
2556,0,0,0,0,93,0,7651,1
5368,0,0,0,0,198,0,10128,1
1017,0,0,0,0,0,0,4303,1
2334,0,0,0,0,40,0,5364,1
4038,0,0,0,0,100,0,9750,1
3291,0,0,0,0,185,0,9404,1
1644,0,0,0,0,0,0,4096,1
3477,0,0,0,0,101,0,8885,1
4170,0,0,0,0,0,0,10834,1
4107,0,0,0,0,122,0,12635,1
4806,0,0,0,24,227,0,13667,1
3030,0,0,0,0,54,0,10132,1
2943,0,0,0,0,0,0,9265,1
3399,0,0,0,0,75,0,8734,1
4509,0,0,0,0,340,0,9756,1
4401,0,0,0,0,108,0,10051,1
3399,0,0,0,0,154,0,8910,1
4131,0,0,0,0,124,0,11121,1
5496,0,0,0,2,160,0,12412,1
2912,0,0,0,16,131,0,8141,1
4626,0,0,0,0,0,0,9382,1
3651,0,0,0,4,327,0,9588,1
3891,0,0,0,0,89,0,10298,1
3564,0,0,0,0,162,0,8809,1
4971,0,0,0,0,100,0,11793,1
4104,0,0,0,0,256,0,11733,1
4648,0,0,0,5,224,0,10817,1
2019,0,0,0,19,99,0,4815,1
3747,0,0,0,0,125,0,8282,1
4293,0,0,0,0,134,0,11702,1
2478,0,0,0,0,98,0,5978,1
3477,0,0,0,0,28,0,11127,1
2913,0,0,0,0,155,2,9120,1
2766,0,0,0,103,32,0,10315,1
3057,0,0,0,0,274,0,9204,1
3096,0,0,0,0,122,0,5618,1
5289,0,0,0,0,222,0,9130,1
5604,0,0,0,0,143,0,15197,1
3282,0,0,0,156,58,0,11508,1
3336,0,0,0,0,242,0,10337,1
5427,0,0,0,0,154,0,13305,1
2632,0,0,0,16,50,0,8802,1
4605,0,0,0,0,229,0,12030,1
6580,0,0,0,5,960,0,14425,1
5268,0,0,0,0,127,0,11877,1
3771,0,0,0,0,130,0,10359,1
4830,0,0,0,6,153,0,11503,1
3501,0,0,0,1,142,0,10280,1
3729,0,0,0,0,0,0,10531,1
2991,0,0,0,0,91,0,10488,1
4140,0,0,0,0,82,0,11118,1
4371,0,0,0,0,109,0,12984,1
3442,0,0,0,103,83,0,11358,1
3936,0,0,0,0,200,0,8744,1
12852,0,0,0,0,0,0,12421,1
4929,0,0,0,26,149,0,13800,1
4944,0,0,0,0,166,0,11754,1
2468,0,0,0,173,88,0,6917,1
5589,0,0,0,0,0,0,8689,1
4917,0,0,0,0,139,0,11403,1
4209,0,0,0,0,205,0,12096,1
4281,0,0,0,59,160,0,13189,1
2859,0,0,0,0,28,0,6231,1
2946,0,0,0,0,169,0,8685,1
4822,0,0,0,34,115,0,15601,1
4859,15,0,0,4,129,0,14731,1
8130,0,0,0,0,123,0,12319,1
3792,0,0,0,9,253,0,11178,1
6291,0,0,0,32,94,0,16348,1
6561,0,0,0,1,271,0,15035,1
8127,0,0,0,0,246,0,15199,1
7650,0,0,0,0,570,0,17860,1
4185,0,0,0,1,247,0,13637,1
5404,14,0,0,3,86,0,16388,1
3972,0,0,0,89,72,0,15188,1
3826,0,0,0,90,40,0,12503,1
5226,0,0,0,0,281,0,18065,1
5299,17,0,0,0,92,0,11840,1
4800,0,0,0,0,772,0,13605,1
3909,0,0,0,157,90,0,10485,1
6279,0,0,0,4,118,0,13919,1
5226,0,0,0,13,640,0,13118,1
6648,1,0,0,40,272,0,15111,1
4914,0,0,0,5,195,0,13301,1
6526,0,0,0,48,135,0,16491,1
4182,0,0,0,5,415,0,15553,1
3967,0,0,0,100,96,0,14741,1
7551,0,0,0,47,265,0,17203,1
4716,0,0,0,0,181,0,9663,1
3641,25,0,0,5,119,0,14298,1
4962,0,0,0,80,1337,0,14193,1
5095,0,0,0,76,174,0,16115,1
6026,0,0,0,87,74,0,17493,1
4014,0,0,0,49,117,0,13509,1
6049,0,0,0,165,213,0,16773,1
3757,0,0,0,110,51,0,10714,1
4919,0,0,0,242,120,0,16614,1
4149,0,0,0,126,58,0,10299,1
8922,0,0,0,12,219,0,18847,1
2999,2,0,0,17,230,0,10142,1
3612,0,0,0,0,303,0,9475,1
5106,0,0,0,4,95,0,14815,1
3690,1,0,0,40,88,0,12274,1
4842,0,0,0,160,655,0,12263,1
5655,0,0,0,0,8,0,13241,1
3629,0,0,0,115,76,0,14160,1
3376,0,0,0,90,38,0,12616,1
3320,0,0,0,69,57,0,12302,1
5310,0,0,0,0,91,0,13776,1
5958,2,0,0,0,24,0,16781,1
7860,0,0,0,0,54,0,12106,1
3207,0,0,0,65,92,0,14220,1
5948,0,0,0,27,118,0,16384,1
8025,0,0,0,39,71,0,15545,1
4263,0,0,0,15,133,0,13677,1
4439,0,0,0,11,192,0,13038,1
4537,16,0,0,0,67,0,17674,1
3453,0,0,0,0,258,0,10567,1
5293,0,0,0,52,81,0,18647,1
4612,3,0,0,1,54,0,11660,1
5736,0,0,0,5,352,0,12322,1
5196,22,0,0,0,16,0,12854,1
5412,0,0,0,0,0,0,12268,1
3896,0,0,0,29,212,0,11557,1
2877,0,0,0,83,127,0,10483,1
7458,0,0,0,0,125,0,13007,1
5118,0,0,0,4,157,0,13208,1
4536,0,0,0,101,129,0,13268,1
4467,0,0,0,0,0,0,8614,1
9462,0,0,0,0,158,0,10916,1
4056,0,0,0,0,252,0,8881,1
1509,7,0,4,22,946,0,5784,1
7470,0,0,0,0,51,0,9121,1
2391,0,0,0,1,162,0,6876,1
1899,0,0,0,0,0,0,5581,1
3923,2,0,2,7,107,0,10564,1
4710,0,0,0,48,135,0,12397,1
2857,7,0,0,0,199,0,10153,1
2261,0,0,0,106,96,0,8137,1
2835,0,0,0,51,27,0,9622,1
3465,0,0,0,50,194,0,9807,1
4863,0,0,0,0,141,0,11752,1
1886,0,0,0,72,29,0,8004,1
2969,55,0,0,0,203,0,9422,1
6749,2,0,0,20,157,0,16218,1
5408,9,0,0,0,8,0,14133,1
4648,0,0,0,74,163,0,14436,1
8160,0,0,0,0,0,0,16018,1
4446,0,0,0,0,146,0,11156,1
2242,2,0,0,110,92,0,9426,1
4167,0,0,0,0,0,0,14293,1
4034,1,0,0,6,140,0,11951,1
4782,1,0,0,34,129,0,15626,1
5134,19,0,0,0,8,0,13689,1
3587,5,0,1,0,3,0,8939,1
4029,3,0,0,21,119,0,10928,1
5887,0,0,0,23,112,0,15882,1
3954,0,0,0,55,98,0,13183,1
4431,0,0,0,55,107,0,11983,1
8730,0,0,0,0,108,0,12622,1
3469,0,0,0,64,156,0,14000,1
4148,1,0,0,9,165,0,9592,1
4799,5,0,0,0,3,0,9834,1
2477,0,0,0,120,205,10,9723,1
6240,0,0,0,0,133,0,9747,1
6096,0,0,0,11,316,0,9670,1
4862,0,0,0,18,110,4,13493,1
6390,0,0,0,0,141,0,15229,1
1886,0,0,0,51,46,0,8626,1
4131,0,0,0,0,199,0,12534,1
5478,9,0,0,0,7,0,12186,1
4935,27,0,0,1,422,4,13932,1
4848,63,0,0,0,384,1,13590,1
5778,0,0,0,0,131,1,16882,1
5610,0,0,0,0,258,0,16000,1
4270,8,0,0,13,1008,11,11980,1
4534,15,0,0,0,344,2,7568,1
4671,0,0,0,45,546,0,9298,1
8979,0,0,0,0,277,2,13996,1
5964,30,0,0,0,501,4,16266,1
3173,87,0,0,46,340,0,11730,1
5619,189,0,0,0,52,17,16027,1
5469,96,0,0,4,961,2,11640,1
5920,18,0,0,0,265,0,17033,1
5264,9,0,0,101,353,0,16441,1
5668,9,0,0,93,313,0,17117,1
6969,0,0,0,0,172,6,12591,1
7848,0,0,0,0,7,0,13587,1
3640,18,0,0,16,381,0,11675,1
5571,0,0,0,0,0,0,13669,1
3258,10,0,0,0,381,0,10992,1
3519,0,0,0,0,281,0,10832,1
5992,0,0,0,1,365,1,15509,1
8214,0,0,0,0,0,0,14026,1
5038,12,0,0,0,15,0,12543,1
5046,1,0,0,121,232,0,15616,1
5064,0,0,0,3,93,0,6670,1
5778,0,0,0,86,93,0,15503,1
8523,0,0,0,8,88,0,13729,1
2175,0,0,0,366,853,0,8451,1
10911,1,0,0,0,107,0,13159,1
3871,0,0,0,14,111,0,9574,1
5006,3,0,0,23,99,0,13755,1
2626,0,0,0,127,132,0,6488,1
3868,0,0,0,38,78,0,10648,1
5574,0,0,0,0,76,0,8130,1
4391,0,0,0,17,70,0,9782,1
3472,35,0,0,162,962,0,5969,1
8087,38,0,121,1,176,2,11985,1
6551,2,0,0,27,502,0,12602,1
4209,0,0,0,0,105,0,11053,1
17151,0,0,0,0,69,0,12550,1
4333,0,0,0,27,62,0,9838,1
2966,5,0,0,7,184,0,9346,1
3991,7,0,0,49,91,0,10866,1
3709,0,0,0,25,27,0,10844,1
4929,0,0,0,41,60,0,11090,1
6148,1,0,0,18,78,0,15623,1
3476,22,0,0,0,133,0,13659,1
4455,8,0,0,0,69,0,10292,1
6522,0,0,0,3,196,0,13434,1
4665,0,0,0,0,0,0,10630,1
3562,0,0,0,205,875,0,6858,1
4347,0,0,0,0,144,1,9060,1
3341,5,0,0,6,74,0,7810,1
7239,0,0,0,0,0,0,7021,1
3681,0,0,0,0,0,0,10597,1
3729,0,0,0,0,0,0,10495,1
5076,0,0,0,0,174,0,8848,1
2748,0,0,0,119,126,0,10223,1
5310,0,0,0,0,77,0,7613,1
2829,0,0,0,45,138,0,9760,1
4022,23,0,0,31,817,0,14284,1
4221,0,0,0,0,145,0,10974,1
4365,0,0,0,0,0,0,9523,1
3831,0,0,0,12,228,0,9499,1
3495,0,0,0,0,74,0,10001,1
6357,0,0,0,0,164,0,13607,1
4359,0,0,0,0,0,0,12133,1
5667,0,0,0,0,5,0,16805,1
2793,0,0,0,0,0,0,6889,1
11811,0,0,0,0,0,0,10846,1
3963,0,0,0,0,166,0,9759,1
3255,42,0,0,0,121,0,12330,1
4629,0,0,0,0,0,0,9976,1
5148,0,0,0,0,70,0,12462,1
3957,0,0,0,4,84,0,13137,1
3282,0,0,0,0,84,0,10186,1
7134,0,0,0,0,0,0,7498,1
6345,0,0,0,0,0,0,10546,1
10944,0,0,0,0,124,0,11100,1
2086,0,0,0,52,51,0,7511,1
3160,0,0,0,60,75,0,8913,1
4784,0,0,0,32,66,0,13578,1
4741,43,0,0,0,267,0,14507,1
3742,0,0,0,57,37,0,10769,1
2835,0,0,0,81,60,0,11224,1
2688,0,0,0,65,275,0,5472,1
3033,0,0,0,48,604,0,6507,1
2787,0,0,0,1,390,0,4830,1
4268,1,0,0,43,75,0,11343,1
4488,0,0,0,156,100,0,12528,1
6222,0,0,0,0,0,0,14260,1
5005,0,0,0,7,91,0,6343,1
6420,0,0,0,0,112,0,8700,1
5336,21,0,0,5,134,0,15448,1
2674,1,0,0,14,74,0,9082,1
3447,0,0,0,104,153,0,9521,1
3031,0,0,0,43,166,0,9949,1
4749,0,0,0,73,212,0,13054,1
8978,0,0,0,51,56,0,16815,1
4553,1,0,0,5,192,0,14879,1
945,0,0,0,1,671,0,2017,1
12417,5,0,0,0,242,0,19953,1
3172,0,0,0,12,49,4,7372,1
6241,0,0,0,19,26,0,12210,1
1867,37,0,0,0,114,0,7391,1
6231,0,0,0,0,120,0,10939,1
3600,3,0,0,0,181,0,8370,1
2997,0,0,0,41,36,0,9134,1
2454,12,0,0,0,30,0,8950,1
2884,0,0,0,38,434,0,6044,1
2033,0,0,0,257,249,3,3690,1
6339,0,0,0,0,109,0,9645,1
6276,0,0,0,1,156,0,11487,1
3517,9,0,0,10,264,0,8972,1
3577,3,0,0,10,89,0,10581,1
4597,16,0,0,55,162,0,14908,1
3210,6,0,0,0,166,0,10716,1
3774,3,0,0,1,63,0,10047,1
9438,0,0,0,0,61,0,15114,1
3595,0,0,0,60,109,1,9424,1
5550,2,0,0,47,430,0,12005,1
8571,0,0,0,0,75,0,15562,1
7131,0,0,0,3,140,0,14006,1
5016,12,0,0,0,137,0,11735,1
8907,0,0,0,1,25,0,10907,1
3825,0,0,0,0,0,0,10345,1
2520,0,0,0,0,61,0,3879,1
3772,24,0,0,13,309,0,11576,1
6495,0,0,0,0,124,0,11868,1
3830,4,0,0,34,132,0,12456,1
2839,21,0,0,4,50,1,9275,1
3741,0,0,0,0,26,0,12281,1
9261,0,0,0,4,192,0,11949,1
4431,0,0,0,0,0,0,7759,1
5175,3,0,0,1,17,0,13654,1
9024,0,0,0,0,293,0,10811,1
4293,1,0,0,17,98,0,8780,1
3033,0,0,0,0,0,0,6340,1
3789,0,0,0,0,275,0,9716,1
3190,8,0,0,0,30,0,6691,1
6087,0,0,0,17,138,0,10088,1
7038,0,0,0,0,89,0,10943,1
5439,12,0,0,2,35,0,11022,1
5784,14,0,0,0,102,0,13784,1
5402,0,0,0,26,137,0,15877,1
5841,0,0,0,0,95,0,7253,1
4281,2,0,0,16,77,0,10229,1
5655,0,0,0,0,0,0,13069,1
4650,19,0,0,0,63,0,12948,1
4254,0,0,0,0,0,0,11086,1
4542,4,0,0,0,26,0,14668,1
3565,1,0,0,4,112,0,9507,1
4073,3,0,0,0,83,0,11208,1
4176,8,0,0,2,46,0,13676,1
4327,0,0,0,29,203,0,9365,1
4204,0,0,0,8,65,0,9647,1
4563,0,0,0,2,147,0,9893,1
6069,0,0,0,0,82,0,8127,1
5851,6,0,0,12,237,0,11982,1
11157,0,0,0,0,0,0,12235,1
6435,2,0,0,0,73,0,14950,1
8299,1,0,0,2,54,0,12588,1
4722,0,0,0,0,0,0,9166,1
4122,2,0,0,10,71,0,15515,1
9447,0,0,0,0,0,0,7009,1
4395,0,0,0,0,24,0,12037,1
3106,5,0,0,15,177,0,8569,1
3044,0,0,0,23,31,0,7820,1
10857,0,0,0,0,76,0,16299,1
3835,6,0,0,0,117,0,9123,1
4186,0,0,0,103,152,0,10563,1
6204,0,0,0,0,0,0,10660,1
4369,0,0,0,93,87,0,9711,1
4366,0,0,0,19,219,0,8276,1
4120,11,0,0,0,54,0,12706,1
3559,0,0,0,21,71,0,7885,1
5016,11,0,0,4,70,0,10992,1
5070,0,0,0,0,71,0,7367,1
4189,0,0,0,3,45,0,12654,1
4242,0,0,0,12,16,0,12621,1
4032,0,0,0,9,177,0,9670,1
4792,16,0,0,18,173,0,10005,1
4875,0,1,0,0,0,2,14008,1
5087,5,0,0,3,54,0,12141,1
4534,1,0,0,49,97,0,10686,1
5420,3,0,0,14,89,0,11764,1
3255,0,0,0,0,147,0,9106,1
6374,12,0,0,17,95,0,13657,1
4185,6,0,0,0,235,0,9498,1
5448,0,0,0,36,173,5,12834,1
5301,0,0,0,0,36,0,8551,1
5949,0,0,0,45,99,0,12811,1
5268,6,0,0,0,130,0,14316,1
4926,0,0,0,0,0,0,11194,1
6291,0,0,0,1,103,0,12455,1
7644,2,0,0,5,36,1,15992,1
4836,8,0,0,0,85,0,12760,1
6041,5,0,0,36,423,0,13578,1
4097,0,0,0,17,113,0,10033,1
6303,0,0,0,0,153,0,13282,1
6249,0,0,0,29,101,0,14637,1
2968,0,0,0,66,57,0,9453,1
5619,0,0,0,0,168,0,13009,1
3067,7,0,0,1,73,0,10068,1
3132,39,0,0,0,231,0,10858,1
4669,5,0,0,38,62,0,13206,1
3450,13,0,0,0,15,0,9294,1
3828,0,0,0,0,170,0,8210,1
3260,2,0,0,27,185,0,9988,1
4397,5,0,0,11,52,0,12291,1
5598,0,0,0,0,142,0,13572,1
4805,20,0,0,1,64,1,11973,1
5478,0,0,0,8,136,0,14098,1
3550,0,0,0,4,131,0,11682,1
5878,0,0,0,73,43,0,17242,1
3168,10,0,0,0,55,0,11771,1
5958,0,0,0,0,71,0,13256,1
6609,0,0,0,17,471,0,10367,1
5916,0,0,0,10,60,0,14586,1
1936,26,0,0,5,245,0,5013,1
1343,0,0,0,3,110,0,2952,1
4435,12,0,0,0,43,0,12002,1
3545,0,0,0,35,37,0,11387,1
2256,0,0,0,0,0,0,5206,1
4488,0,0,0,0,149,0,9923,1
3348,10,0,0,0,112,0,10790,1
